ISO3,country,region,population_2018,population_million,HDI_2018,population_density_2018,ages_65_up,BCG_policy,BCG_vaccine_start,BCG_vaccine_end,lower_bound_age_BCG,upper_bound_age_BCG,range_age_BCG,BCG_mean_coverage,BCG_median_coverage,BCG_index (simplified to range of years with vaccination*mean percentage of vaccination coverage),Date_first_covid19_death,covid19_cumulative_deaths,deaths_in_day_14,total_deaths_per_million,days_to_reached_0.1_deaths_per_million,days_to_reached_1_deaths_per_million,mean_daily_deaths_per_million,median_daily_deaths_per_million,max_daily_deaths_per_million,deaths_week_3,total_deaths_week_3_per_million,median_daily_deaths_per_million_week_3,mean_daily_deaths_per_million_week_3,max_daily_deaths_per_million_week_3,deaths_month_1,total_deaths_month_1_per_million,median_daily_deaths_per_million_month_1,mean_daily_deaths_per_million_month_1,max_daily_deaths_per_million_month_1,log_total_deaths_per_million,log_mean_daily_deaths_per_million,log_median_daily_deaths_per_million,log_max_daily_deaths_per_million,log_total_deaths_week_3_per_million,log_median_daily_deaths_per_million_week_3,log_mean_daily_deaths_per_million_week_3,log_max_daily_deaths_per_million_week_3,log_total_deaths_month_1_per_million,log_median_daily_deaths_per_million_month_1,log_mean_daily_deaths_per_million_month_1,log_max_daily_deaths_per_million_month_1,urban_percentage_2018
AFG,Afghanistan,South Asia,37172386,37.1724,0.496,57,3,current,,current,0,,,49.91666667,44,,3/22/2020,36,7,0.968460471,5,,0.03124066,0,0.134508399,11,0.295918477,0.02690168,0.042274068,0.107606719,36,0.968460471,0.01345084,0.032282016,0.134508399,-0.032047612,-3.466034816,,-2.006128638,-1.217671278,-3.61556655,-3.163581427,-2.229272189,-0.032047612,-4.308713731,-3.433244994,-2.006128638,25.495
ALB,Albania,Europe & Central Asia,2866376,2.8664,0.791,105,14,current,,current,0,,,93.81081081,94,,3/11/2020,26,5,9.07061122,1,13,0.215966934,0,1.395478649,10,3.488696623,0.348869662,0.498385232,1.395478649,23,8.024002233,0.174434831,0.267466741,1.395478649,2.205039651,-1.532629967,,0.333237474,1.249528206,-1.053056887,-0.696381943,0.333237474,2.082437329,-1.746204068,-1.318760053,0.333237474,60.319
DZA,Algeria,Middle East & North Africa,42228429,42.2284,0.759,18,6,current,,current,0,,,94.35483871,98,,3/12/2020,392,21,9.282852298,7,20,0.226411032,0.189445965,0.71042237,37,0.876187589,0.094722983,0.125169656,0.331530439,256,6.062270889,0.071042237,0.202075696,0.71042237,2.228168859,-1.485403207,-1.663651439,-0.341895599,-0.132175068,-2.356798619,-2.078085217,-1.104035651,1.802084464,-2.644480692,-1.599112918,-0.341895599,72.629
AND,Andorra,Europe & Central Asia,77006,0.077,0.857,164,,never,,,,,,,,,3/22/2020,37,17,480.5194805,1,1,15.5006284,12.98701299,51.94805195,9,116.8831169,12.98701299,16.69758813,38.96103896,37,480.5194805,12.98701299,16.01731602,51.94805195,6.17486777,2.740880565,2.563949857,3.950244218,4.761174434,2.563949857,2.815264285,3.662562146,6.17486777,2.563949857,2.773670388,3.950244218,88.062
AGO,Angola,Sub-Saharan Africa,30809762,30.8098,0.574,25,2,current,1979,current,0,41,41,64.6,65,2648.6,3/29/2020,2,2,0.06491441,,,0.002704767,0,0.06491441,0,0,0,0,0,,,,,,-2.734685641,-5.912739471,,-2.734685641,,,,,,,,,65.514
ATG,Antigua and Barbuda,Latin America & Caribbean,96286,0.0963,0.776,219,9,current,,,,,,99,99,,4/7/2020,3,3,31.15264798,1,1,2.076843198,0,10.38421599,,,,,,,,,,,3.438899249,0.730849048,,2.34028696,,,,,,,,,24.599
ARG,Argentina,Latin America & Caribbean,44494502,44.4945,0.83,16,11,current,,current,0,,,92.84615385,99,,3/8/2020,147,4,3.303779119,17,30,0.073417314,0.044949376,0.247221567,14,0.31464563,0.044949376,0.044949376,0.112373439,48,1.078785018,0.022474688,0.035959501,0.179797503,1.195067001,-2.611595489,-3.102218405,-1.397470313,-1.156308256,-3.102218405,-3.102218405,-2.185927674,0.075835425,-3.795365586,-3.325361957,-1.715924044,91.87
ARM,Armenia,Europe & Central Asia,2951776,2.9518,0.76,104,11,current,1998,current,0,22,22,92.55172414,95,2036.137931,3/26/2020,24,9,8.130632157,1,4,0.301134524,0.33877634,1.01632902,8,2.710210719,0.33877634,0.38717296,0.67755268,,,,,,2.095638677,-1.200198189,-1.082415154,0.016197135,0.997026388,-1.082415154,-0.948883761,-0.389267973,,,,,63.149
AUS,Australia,East Asia & Pacific,24982688,24.9827,0.938,3,16,interrupted,1950,1985,35,70,35,,,,3/1/2020,67,3,2.681855844,8,34,0.051574151,0.040027699,0.200138496,4,0.160110797,0,0.022872971,0.080055398,17,0.680470886,0,0.022682363,0.200138496,0.986509034,-2.964734685,-3.218183585,-1.608745673,-1.831889224,,-3.777799373,-2.525036405,-0.384970241,,-3.786167623,-1.608745673,86.012
AUT,Austria,Europe & Central Asia,8840521,8.8405,0.914,107,19,interrupted,1952,1990,30,68,38,90,90,3420,3/12/2020,491,30,55.53984503,1,11,1.354630367,1.357389288,3.39347322,116,13.12142978,2.036083932,1.874489969,2.488547028,319,36.0839319,1.074599853,1.20279773,3.39347322,4.017100692,0.303528625,0.305563214,1.221853946,2.574246755,0.711028322,0.628336606,0.911699017,3.585847667,0.071948362,0.184650285,1.221853946,58.297
AZE,Azerbaijan,Europe & Central Asia,9939800,9.9398,0.754,120,6,current,1945,current,0,75,75,96.34482759,98,7225.862069,3/13/2020,20,3,2.01211292,1,29,0.050302823,0,0.301816938,2,0.201211292,0,0.02874447,0.100605646,11,1.106662106,0,0.036888737,0.201211292,0.699185374,-2.98969408,,-1.197934611,-1.603399719,,-3.549309868,-2.2965469,0.101348373,,-3.299849009,-1.603399719,55.68
BHS,Bahamas,Latin America & Caribbean,385640,0.3856,0.805,39,7,interrupted,1960,1979,41,60,19,,,,4/1/2020,9,8,23.34024896,1,1,1.111440427,0,7.780082988,1,2.593360996,0,0.370480142,2.593360996,,,,,,3.150179294,0.105656856,,2.051567005,0.952954716,,-0.992955433,0.952954716,,,,,83.025
BHR,Bahrain,Middle East & North Africa,1569439,1.5694,0.838,2017,2,current,,,,,,82.55,85,,3/16/2020,7,4,4.460303301,1,7,0.120548738,0,0.637186186,0,0,0,0,0,7,4.460303301,0,0.148676777,0.637186186,1.495216768,-2.115701144,,-0.450693381,,,,,1.495216768,,-1.905980613,-0.450693381,89.287
BGD,Bangladesh,South Asia,161356039,161.356,0.614,1240,5,current,1979,current,0,41,41,77.31578947,95,3169.947368,3/18/2020,110,5,0.681722403,21,,0.019477783,0.006197476,0.092962146,12,0.074369717,0.006197476,0.010624245,0.030987382,60,0.371848583,0.006197476,0.012394953,0.061974764,-0.383132738,-3.9384808,-5.083613104,-2.375562903,-2.598706454,-5.083613104,-4.544616603,-3.474175192,-0.989268542,-5.083613104,-4.390465923,-2.781028011,36.632
BRB,Barbados,Latin America & Caribbean,286641,0.2866,0.813,667,16,current,,current,0,,,71.66666667,75,,4/5/2020,5,5,17.44591766,1,1,1.02623045,0,3.489183531,,,,,,,,,,,2.859105676,0.025892332,,1.249667764,,,,,,,,,31.147
BLR,Belarus,Europe & Central Asia,9483499,9.4835,0.817,47,15,current,1950,current,0,70,70,96.62857143,98,6764,3/31/2020,55,29,5.799546581,1,7,0.263615754,0.316338904,0.527231507,22,2.319818632,0.316338904,0.331402662,0.421785206,,,,,,1.757779739,-1.333262715,-1.150941158,-0.640115534,0.841489007,-1.150941158,-1.104421142,-0.863259085,,,,,78.595
BEL,Belgium,Europe & Central Asia,11433256,11.4333,0.919,377,19,never,,,,,,,,,3/11/2020,5998,122,524.6079435,1,8,12.49066532,11.15163601,43.38205068,583,50.99140231,6.035003018,7.284486044,16.79305187,2523,220.6711973,4.285726781,7.355706576,35.24791617,6.262651209,2.524981591,2.411586215,3.770045777,3.931657036,1.797576355,1.985746887,2.820965222,5.396673799,1.455290148,1.995476417,3.562406412,98.001
BLZ,Belize,Latin America & Caribbean,383071,0.3831,0.72,17,5,current,,current,0,,,91.87179487,94,,4/6/2020,2,2,5.220569042,1,1,0.326285565,0,2.610284521,,,,,,,,,,,1.652606408,-1.119982314,,0.959459227,,,,,,,,,45.724
BEN,Benin,Sub-Saharan Africa,11485048,11.485,0.52,102,3,current,,current,0,,,88.44117647,96.5,,4/6/2020,1,1,0.087070091,,,0.005441881,0,0.087070091,,,,,,,,,,,-2.441041836,-5.213630558,,-2.441041836,,,,,,,,,47.312
BTN,Bhutan,South Asia,754394,0.7544,0.617,20,6,current,1979,current,0,41,41,83.15,93,3409.15,,0,,0,,,,,,,,,,,,,,,,,,,,,,,,,,,,40.895
BOL,Bolivia,Latin America & Caribbean,11353142,11.3531,0.693,10,7,current,,current,0,,,72.46153846,87,,3/29/2020,34,20,2.994776757,2,10,0.124782365,0.088081669,0.352326677,11,0.968898363,0.088081669,0.138414052,0.352326677,,,,,,1.09686969,-2.08118414,-2.429490834,-1.043196473,-0.031595562,-2.429490834,-1.977505711,-1.043196473,,,,,69.425
BIH,Bosnia and Herzegovina,Europe & Central Asia,3323929,3.3239,0.769,65,16,current,1950,current,0,70,70,86.07692308,95,6025.384615,3/21/2020,51,17,15.34342188,1,7,0.479481934,0.300851409,1.805108457,19,5.71617678,0.601702819,0.816596683,1.805108457,48,14.44086766,0.300851409,0.481362255,1.805108457,2.73068684,-0.735049062,-1.201138792,0.590620677,1.743300187,-0.507991612,-0.202609962,0.590620677,2.670062219,-1.201138792,-0.731135163,0.590620677,48.245
BWA,Botswana,Sub-Saharan Africa,2254126,2.2541,0.728,4,4,current,,current,0,,,76.35897436,73,,3/31/2020,1,1,0.443636041,1,,0.020165275,0,0.443636041,0,0,0,0,0,,,,,,-0.81275078,-3.903793234,,-0.81275078,,,,,,,,,69.446
BRA,Brazil,Latin America & Caribbean,209469333,209.4693,0.761,25,9,current,1967,current,0,53,53,89.30769231,99,4733.307692,3/17/2020,2741,159,13.08544975,6,16,0.363484715,0.260181325,1.03595133,405,1.933457552,0.200506709,0.276208222,0.410561357,1736,8.287610643,0.176636863,0.276253688,0.97388973,2.571500907,-1.012018031,-1.346376488,0.035320164,0.659309878,-1.606907571,-1.286600271,-0.890229893,2.114761706,-1.733659277,-1.286435676,-0.026457195,86.569
BRN,Brunei,East Asia & Pacific,428962,0.429,0.845,81,5,current,,,,,,96.3030303,99,,3/28/2020,1,1,2.331002331,1,1,0.093240093,0,2.331002331,0,0,0,0,0,,,,,,0.84629836,-2.372577465,,0.84629836,,,,,,,,,77.629
BGR,Bulgaria,Europe & Central Asia,7025037,7.025,0.816,65,21,current,1951,current,0,69,69,98,98,6762,3/11/2020,45,3,6.40569395,1,19,0.152516523,0.142348754,0.569395018,5,0.711743772,0,0.101677682,0.569395018,24,3.416370107,0,0.113879004,0.569395018,1.857187275,-1.880482344,-1.949475215,-0.563180854,-0.340037303,,-2.285947452,-0.563180854,1.228578615,,-2.172618767,-0.563180854,75.008
BFA,Burkina Faso,Sub-Saharan Africa,19751535,19.7515,0.434,72,2,current,,current,0,,,80.71875,86.5,,3/18/2020,38,14,1.923904514,4,22,0.0549687,0.050629066,0.202516265,5,0.253145331,0.050629066,0.036163619,0.101258132,32,1.620130117,0.050629066,0.054004337,0.202516265,0.654356722,-2.90099134,-2.983229438,-1.596935077,-1.373791525,-2.983229438,-3.319701674,-2.290082257,0.482506465,-2.983229438,-2.918690917,-1.596935077,29.358
MMR,Burma,East Asia & Pacific,53708395,53.7084,0.584,82,6,current,,current,0,,,69.63414634,83,,3/31/2020,5,4,0.093095307,,,0.004231605,0,0.037238123,1,0.018619061,0,0.002659866,0.018619061,,,,,,-2.374131501,-5.465173955,,-3.290422233,-3.983569414,,-5.929479563,-3.983569414,,,,,30.579
BDI,Burundi,Sub-Saharan Africa,11175378,11.1754,0.423,435,2,current,,current,,,,80.36842105,89.5,,4/13/2020,1,,0.089482256,,,0.009942473,0,0.089482256,,,,,,,,,,,-2.413714934,-4.610939511,,-2.413714934,,,,,,,,,13.032
CPV,Cabo Verde,Sub-Saharan Africa,543767,0.5438,0.651,135,5,current,,current,0,,,89.54545455,94,,3/24/2020,1,1,1.838911364,1,1,0.063410737,0,1.838911364,0,0,0,0,0,,,,,,0.609173747,-2.758122083,,0.609173747,,,,,,,,,65.732
KHM,Cambodia,East Asia & Pacific,16249798,16.2498,0.581,92,5,current,,current,0,,,81.84375,87,,,0,,0,,,,,,,,,,,,,,,,,,,,,,,,,,,,23.388
CMR,Cameroon,Sub-Saharan Africa,25216237,25.2162,0.563,53,3,current,,current,0,,,65.02941176,69.5,,3/25/2020,43,9,1.705252972,5,26,0.060901892,0,0.793140917,5,0.198285229,0,0.028326461,0.079314092,,,,,,0.533713471,-2.79849104,,-0.231754372,-1.618048733,,-3.563958882,-2.534339465,,,,,56.374
CAN,Canada,North America,37057765,37.0578,0.922,4,17,never,,,,,,,,,3/9/2020,1908,21,51.48713631,8,18,1.170162189,0.431757956,6.773202942,43,1.160349508,0.107939489,0.165764215,0.431757956,375,10.11932711,0.094447053,0.337310904,2.158789782,3.941331996,0.157142362,-0.839890134,1.912974083,0.14872126,-2.226184495,-1.797188889,-0.839890134,2.31444717,-2.359715887,-1.086750212,0.769547779,81.411
CAF,Central African Republic,Sub-Saharan Africa,4666377,4.6664,0.381,7,3,current,,current,0,,,58.13157895,57,,,0,,0,,,,,,,,,,,,,,,,,,,,,,,,,,,,41.364
TCD,Chad,Sub-Saharan Africa,15477751,15.4778,0.401,12,2,current,,current,0,,,58.4516129,57,,,0,,0,,,,,,,,,,,,,,,,,,,,,,,,,,,,23.059
CHL,Chile,Latin America & Caribbean,18729160,18.7292,0.847,25,12,current,1949,current,0,71,71,95.87179487,96,6806.897436,3/22/2020,147,27,7.848706832,2,13,0.253184091,0.213570254,0.587318198,46,2.45605792,0.373747944,0.350865417,0.480533071,139,7.421566324,0.213570254,0.247385544,0.587318198,2.060348783,-1.373638421,-1.543789442,-0.532188531,0.898557593,-0.984173654,-1.047352556,-0.732859226,2.00439013,-1.543789442,-1.396807252,-0.532188531,87.564
CHN,China,East Asia & Pacific,1392730000,1392.73,0.758,148,11,current,1949,current,0,71,71,89.91666667,96.5,6384.083333,1/22/2020,4636,491,3.328714108,9,24,0.036579276,0.0100522,0.926238395,621,0.445886855,0.062467241,0.063698122,0.076827526,2238,1.606915913,0.050979012,0.053563864,0.180939593,1.202586076,-3.308273431,-4.599963799,-0.076623631,-0.807690047,-2.77311301,-2.753600196,-2.566192294,0.47431676,-2.976341252,-2.926880622,-1.709592041,59.152
COL,Colombia,Latin America & Caribbean,49648685,49.6487,0.761,45,8,current,1960,current,0,60,60,86.46153846,89,5187.692308,3/22/2020,196,32,3.947736799,5,17,0.127346348,0.080566057,0.523679371,68,1.369622971,0.221556657,0.195660424,0.402830286,189,3.806746199,0.080566057,0.12689154,0.523679371,1.373142452,-2.060844752,-2.518677846,-0.646875669,0.314535498,-1.507076934,-1.631374651,-0.909239933,1.336774808,-2.518677846,-2.064422573,-0.646875669,80.778
COM,Comoros,Sub-Saharan Africa,832322,0.8323,0.538,447,3,current,,current,0,,,81.72727273,81,,,,,,,,,,,,,,,,,,,,,,,,,,,,,,,,,28.965
COG,Congo (Brazzaville),Sub-Saharan Africa,5244363,5.2444,0.609,15,3,current,,current,0,,,76.68571429,84,,4/2/2020,6,5,1.144077492,1,16,0.057203875,0,0.572038746,,,,,,,,,,,0.134598629,-2.861133645,,-0.558548552,,,,,,,,,66.916
COD,Congo (Kinshasa),Sub-Saharan Africa,84068091,84.0681,0.457,37,3,current,,current,0,,,64.19512195,62,,3/21/2020,25,13,0.297377959,12,,0.009293061,0,0.059475592,7,0.083265829,0,0.011895118,0.059475592,25,0.297377959,0,0.009912599,0.059475592,-1.21275136,-4.678487263,,-2.822189272,-2.485717036,,-4.431627185,-2.822189272,-1.21275136,,-4.613948741,-2.822189272,44.46
CRI,Costa Rica,Latin America & Caribbean,4999441,4.9994,0.794,98,10,current,,current,0,,,86.30769231,87,,3/19/2020,6,2,1.200144017,1,32,0.035298353,0,0.200024003,1,0.200024003,0,0.028574858,0.200024003,4,0.800096012,0,0.026669867,0.200024003,0.182441564,-3.343918961,,-1.609317905,-1.609317905,,-3.555228054,-1.609317905,-0.223023544,,-3.624220926,-1.609317905,79.34
CIV,Cote d'Ivoire,Sub-Saharan Africa,25069229,25.0692,0.516,79,3,current,,current,0,,,74.68965517,74,,3/29/2020,13,4,0.518564613,8,,0.021606859,0,0.159558343,4,0.159558343,0,0.022794049,0.079779171,,,,,,-0.656690644,-3.834744474,,-1.83534564,-1.83534564,,-3.781255789,-2.52849282,,,,,50.779
HRV,Croatia,Europe & Central Asia,4087843,4.0878,0.837,73,20,current,1948,current,0,72,72,98.03225806,98,7058.322581,3/19/2020,48,6,11.74225745,1,10,0.345360513,0.244630364,1.957042908,13,3.180194726,0.244630364,0.454313532,0.978521454,36,8.806693087,0.244630364,0.293556436,1.467782181,2.463194083,-1.063166442,-1.408006928,0.671434614,1.156942429,-1.408006928,-0.78896772,-0.021712567,2.17551201,-1.408006928,-1.225685371,0.383752541,56.947
CUB,Cuba,Latin America & Caribbean,11338138,11.3381,0.778,109,15,current,,current,0,,,98.48717949,99,,3/18/2020,38,6,3.351531562,9,22,0.095758045,0.088198199,0.352792796,5,0.440990995,0,0.062998714,0.176396398,27,2.381351373,0.044099099,0.079378379,0.264594597,1.209417424,-2.345930638,-2.428168736,-1.041874375,-0.818730823,,-2.764640972,-1.735021555,0.86766813,-3.121315916,-2.533529251,-1.329556447,77.037
CYP,Cyprus,Europe & Central Asia,1189265,1.1893,0.873,129,14,never,,,,,,,,,3/22/2020,12,11,10.08996889,1,3,0.433977157,0,1.681661482,3,2.522492222,0,0.360356032,1.681661482,16,13.45329185,0,0.448443062,1.681661482,2.311541751,-0.834763381,,0.519782282,0.92524739,,-1.020662759,0.519782282,2.599223823,,-0.801973558,0.519782282,66.81
CZE,Czechia,Europe & Central Asia,10629928,10.6299,0.457,138,19,interrupted,1953,2010,10,67,57,97.83333333,98,5576.5,3/22/2020,201,59,18.90892671,3,7,0.609965378,0.658519836,1.69333672,70,6.585198356,0.940742622,0.940742622,1.222965409,194,18.25040687,0.611482704,0.608346896,1.69333672,2.939634123,-0.494353081,-0.417760636,0.526700973,1.884824457,-0.061085692,-0.061085692,0.201278572,2.904187374,-0.491868608,-0.497010008,0.526700973,73.792
DNK,Denmark,Europe & Central Asia,5793636,5.7936,0.93,138,20,interrupted,1946,1986,34,74,40,90,90,3600,3/14/2020,370,52,63.8635736,1,6,1.637527528,1.72604253,3.797293565,87,15.01657001,2.243855289,2.145224287,3.279480806,273,47.12096106,1.553438277,1.570698702,3.797293565,4.156749146,0.493187499,0.545831233,1.334288593,2.709154259,0.808195497,0.76324411,1.187685119,3.852717935,0.440470717,0.451520553,1.334288593,87.874
DJI,Djibouti,Middle East & North Africa,958920,0.9589,0.495,41,5,current,,current,0,,,69.44444444,79,,4/10/2020,2,,2.085723225,1,1,0.173810269,0,1.042861612,,,,,,,,,,,0.735115665,-1.749790984,,0.041968485,,,,,,,,,77.777
DMA,Dominica,Latin America & Caribbean,71625,0.0716,0.724,96,,current,,current,0,,,95.18421053,99,,,0,,0,,,,,,,,,,,,,,,,,,,,,,,,,,,,70.483
DOM,Dominican Republic,Latin America & Caribbean,10627165,10.6272,0.745,220,7,current,,current,0,,,79.82051282,92,,3/17/2020,245,42,23.05404998,3,11,0.640390277,0.564588979,3.575730202,44,4.140319181,0.564588979,0.591474169,1.317374285,189,17.78455285,0.470490816,0.592818428,3.575730202,3.137841458,-0.44567748,-0.571657283,1.274169408,1.420772882,-0.571657283,-0.525137267,0.275640577,2.878330263,-0.75397884,-0.522867119,1.274169408,81.074
ECU,Ecuador,Latin America & Caribbean,17084357,17.0844,0.758,69,7,current,1978,current,0,42,42,94.69230769,99,3977.076923,3/14/2020,520,36,30.43712393,1,10,0.780439075,0.702395168,2.985179462,109,6.380089438,0.877993959,0.911441348,1.580389127,333,19.4914659,0.43899698,0.64971553,2.985179462,3.415663045,-0.247898601,-0.353259117,1.093659866,1.853182116,-0.130115565,-0.092728033,0.4576711,2.969976724,-0.823262746,-0.431220658,1.093659866,63.821
EGY,Egypt,Middle East & North Africa,98423595,98.4236,0.7,99,5,current,1974,current,0,46,46,90.94871795,95,4183.641026,3/8/2020,264,10,2.682283517,14,32,0.0596063,0.050800824,0.193043132,26,0.264164286,0.040640659,0.037737755,0.060960989,85,0.863614011,0.02032033,0.028787134,0.081281319,0.98666849,-2.819993999,-2.9798427,-1.644841634,-1.331184075,-3.202986252,-3.277094224,-2.797521143,-0.146629356,-3.896133432,-3.547826738,-2.509839071,42.704
SLV,El Salvador,Latin America & Caribbean,6420744,6.4207,0.667,310,8,current,1970,current,0,50,50,78.12820513,85,3906.410256,3/31/2020,7,6,1.090223807,1,18,0.049555628,0,0.155746258,1,0.155746258,0,0.022249465,0.155746258,,,,,,0.086383003,-3.00465945,,-1.859527146,-1.859527146,,-3.805437295,-1.859527146,,,,,72.023
GNQ,Equatorial Guinea,Sub-Saharan Africa,1308974,1.309,0.588,47,2,current,,current,0,,,59.72413793,56,,,0,,0,,,,,,,,,,,,,,,,,,,,,,,,,,,,72.143
ERI,Eritrea,Sub-Saharan Africa,3214000,3.214,0.434,35,,current,,current,0,,,79.34615385,87.5,,,0,,,,,,,,,,,,,,,,,,,,,,,,,,,,,,
EST,Estonia,Europe & Central Asia,1321977,1.322,0.882,30,20,current,1945,current,0,75,75,97.51162791,98,7313.372093,3/25/2020,43,21,32.52647504,1,5,1.161659823,0.756429652,4.538577912,10,7.56429652,0.756429652,1.080613789,2.269288956,,,,,,3.482054374,0.149849864,-0.279145741,1.512613728,2.023439352,-0.279145741,0.077529203,0.819466547,,,,,68.88
SWZ,Eswatini,Sub-Saharan Africa,1136191,1.1362,0.43,66,4,current,,current,0,,,87.26315789,94.5,,4/16/2020,1,,0.880126738,1,,0.14668779,0,0.880126738,,,,,,,,,,,-0.127689361,-1.91944883,,-0.127689361,,,,,,,,,23.799
ETH,Ethiopia,Sub-Saharan Africa,109224559,109.2246,0.47,109,4,current,1980,current,0,40,40,51.91891892,54,2076.756757,4/5/2020,3,3,0.02746634,,,0.001615667,0,0.018310893,,,,,,,,,,,-3.594794024,-6.428007368,,-4.000259132,,,,,,,,,20.763
FJI,Fiji,East Asia & Pacific,883483,0.8835,0.724,48,5,current,,current,0,,,95.725,99,,,0,,0,,,,,,,,,,,,,,,,,,,,,,,,,,,,56.248
FIN,Finland,Europe & Central Asia,5515525,5.5155,0.925,18,22,interrupted,1941,2006,14,79,65,96.30769231,99,6260,3/21/2020,141,20,25.56431874,1,7,0.810216662,0.453268063,7.796210679,30,5.439216753,0.906536125,0.777030965,1.269150576,96,17.40549361,0.36261445,0.58018312,1.450457801,3.24119758,-0.210453583,-0.791271579,2.053637805,1.693635071,-0.098124398,-0.252275078,0.238347839,2.856785881,-1.01441513,-0.544411501,0.371879231,85.382
FRA,France,Europe & Central Asia,66977107,66.9771,0.891,122,20,interrupted,1950,2007,13,70,57,80.07407407,81,4564.222222,2/15/2020,20829,2,310.9868895,21,28,4.641595366,1.418395243,21.49988578,7,0.104513334,0.014930476,0.014930476,0.044791429,91,1.358673338,0,0.045289111,0.462844763,5.739750755,1.535058136,0.349526122,3.068047623,-2.258440621,-4.20435077,-4.20435077,-3.105738481,0.306508737,,-3.094688645,-0.770363565,80.444
GAB,Gabon,Sub-Saharan Africa,2119275,2.1193,0.702,8,4,current,,current,0,,,71.82352941,73.5,,3/20/2020,1,1,0.471853914,1,,0.014298603,0,0.471853914,0,0,0,0,0,1,0.471853914,0,0.015728464,0.471853914,-0.751085845,-4.247593407,,-0.751085845,,,,,-0.751085845,,-4.152283227,-0.751085845,89.37
GMB,Gambia,Sub-Saharan Africa,2280102,2.2801,0.466,225,3,current,1979,current,0,41,41,95.51282051,97,3916.025641,3/23/2020,1,1,0.438577255,1,,0.014619242,0,0.438577255,0,0,0,0,0,1,0.438577255,0,0.014619242,0.438577255,-0.824219302,-4.225416683,,-0.824219302,,,,,-0.824219302,,-4.225416683,-0.824219302,61.27
GEO,Georgia,Europe & Central Asia,3726549,3.7265,0.786,65,15,current,1945,current,0,75,75,87.02702703,95,6527.027027,3/12/2020,798,3,214.1419563,1,22,3.647717789,1.341741581,26.83483161,2,0.536696632,0,0.076670947,0.268348316,29,7.782101167,0,0.259403372,1.878438213,5.366639142,1.294101709,0.293968457,3.289700731,-0.622322275,,-2.568232424,-1.315469455,2.051826375,,-1.349371007,0.630440694,58.632
DEU,Germany,Europe & Central Asia,82905782,82.9058,0.939,237,21,interrupted,1961,1998,22,59,37,,,,3/9/2020,5033,94,60.70745352,6,13,1.396711141,1.206188228,6.151559963,439,5.295166321,0.735774819,0.756452332,1.206188228,2016,24.31675468,0.379949292,0.810558489,2.725985395,4.106066483,0.334120288,0.187465162,1.816705702,1.66679439,-0.306831159,-0.279115759,0.187465162,3.191165606,-0.967717478,-0.210031776,1.002829976,77.312
GHA,Ghana,Sub-Saharan Africa,29767108,29.7671,0.596,131,3,current,,current,0,,,77.43243243,91,,3/21/2020,9,5,0.302347222,5,,0.009448351,0,0.067188272,1,0.033594136,0,0.004799162,0.033594136,9,0.302347222,0,0.010078241,0.067188272,-1.196179179,-4.661915082,,-2.700256576,-3.393403757,,-5.339313906,-3.393403757,-1.196179179,,-4.597376561,-2.700256576,56.06
GRC,Greece,Europe & Central Asia,10731726,10.7317,0.872,83,22,current,,current,0,,,72.47058824,76,,3/11/2020,121,20,11.27500769,4,11,0.268452564,0.186363763,0.931818817,29,2.70227457,0.372727527,0.386039224,0.55909129,87,8.106823709,0.186363763,0.270227457,0.931818817,2.422588567,-1.315081051,-1.680054798,-0.070616885,0.994093852,-0.986907617,-0.951816297,-0.581442509,2.09270614,-1.680054798,-1.308491241,-0.070616885,79.058
GRD,Grenada,Latin America & Caribbean,111454,0.1115,0.763,328,10,never,,,,,,,,,,0,,0,,,,,,,,,,,,,,,,,,,,,,,,,,,,36.272
GTM,Guatemala,Latin America & Caribbean,17247807,17.2478,0.651,161,5,current,,current,0,,,71.51282051,88,,3/16/2020,7,1,0.405848862,20,,0.010968888,0,0.115956818,1,0.057978409,0,0.00828263,0.057978409,5,0.289892044,0,0.009663068,0.115956818,-0.90177445,-4.512692363,,-2.154537419,-2.847684599,,-4.793594748,-2.847684599,-1.238246687,,-4.639444068,-2.154537419,51.054
GIN,Guinea,Sub-Saharan Africa,12414318,12.4143,0.466,51,3,current,,,,,,74.56666667,78,,4/15/2020,6,,0.483313598,3,,0.0690448,0.080552266,0.161104533,,,,,,,,,,,-0.727089565,-2.672999714,-2.518849034,-1.825701853,,,,,,,,,36.14
GNB,Guinea-Bissau,Sub-Saharan Africa,1874309,1.8743,0.461,67,3,current,,current,0,,,83.51515152,89,,,0,,0,,,,,,,,,,,,,,,,,,,,,,,,,,,,43.36
GUY,Guyana,Latin America & Caribbean,779004,0.779,0.67,4,6,current,,current,0,,,90.23684211,94,,3/12/2020,7,1,8.985879332,1,1,0.219167789,0,2.567394095,1,1.283697047,0,0.183385292,1.283697047,6,7.702182285,0,0.256739409,2.567394095,2.195654382,-1.517917685,,0.942891414,0.249744233,,-1.696165916,0.249744233,2.041503702,,-1.359693679,0.942891414,26.606
HTI,Haiti,Latin America & Caribbean,11123176,11.1232,0.503,404,5,current,,current,0,,,57.86486486,59,,4/5/2020,3,3,0.269706559,5,,0.015865092,0,0.089902186,,,,,,,,,,,-1.310420729,-4.143634073,,-2.409033017,,,,,,,,,55.278
VAT,Holy See,Europe & Central Asia,801,8.00E-04,,2003,,,,,,,,,,,,0,,0,,,,,,,,,,,,,,,,,,,,,,,,,,,,
HND,Honduras,Latin America & Caribbean,9587522,9.5875,0.623,86,5,current,1970,current,0,50,50,84.97435897,94,4248.717949,3/26/2020,46,22,4.79791395,1,7,0.177700517,0.104302477,0.73011734,9,0.938722295,0.104302477,0.134103185,0.521512386,,,,,,1.56818123,-1.727655636,-2.260460167,-0.314550018,-0.063235589,-2.260460167,-2.009145738,-0.651022254,,,,,57.096
HUN,Hungary,Europe & Central Asia,9775564,9.7756,0.845,108,19,current,1953,current,0,67,67,99,99,6633,3/15/2020,213,11,21.7889439,1,11,0.573393261,0.306886534,1.739023692,21,2.148205737,0.204591023,0.306886534,0.613773068,109,11.15021073,0.204591023,0.371673691,1.432137158,3.081402681,-0.556183479,-1.181277196,0.553323859,0.764632953,-1.586742305,-1.181277196,-0.488130016,2.411458397,-1.586742305,-0.989738984,0.359167845,71.351
ISL,Iceland,Europe & Central Asia,352721,0.3527,0.938,4,15,,,,,,,,,,3/15/2020,10,2,28.35270768,1,1,1.260120341,0,14.17635384,4,11.34108307,0,1.620154725,5.670541537,14,39.69379076,0,1.323126359,14.17635384,3.344722535,0.231207226,,2.651575354,2.428431803,,0.482521654,1.735284622,3.681194771,,0.27999739,2.651575354,93.813
IND,India,South Asia,1352617328,1352.6173,0.647,455,6,current,1948,current,0,72,72,75.6,87.5,5443.2,3/11/2020,645,10,0.476853283,27,,0.011388855,0.004805498,0.039183293,25,0.018482685,0.002217922,0.002640384,0.005914459,228,0.168562091,0.001848269,0.005618736,0.035486756,-0.740546418,-4.475120059,-5.337994558,-3.239504822,-3.99092091,-6.111184447,-5.936831059,-5.130355194,-1.780451106,-6.293506003,-5.181648488,-3.338595724,34.03
IDN,Indonesia,East Asia & Pacific,267663435,267.6634,0.707,148,6,current,1999,current,0,21,21,84.88095238,90,1782.5,3/11/2020,616,55,2.30139795,10,30,0.054795189,0.041096392,0.224162138,81,0.302618886,0.044832428,0.043231269,0.074720713,280,1.046089977,0.031756303,0.034869666,0.149441425,0.833516743,-2.904152876,-3.191834948,-1.495385659,-1.195281066,-3.104823571,-3.141191215,-2.593997947,0.045059382,-3.449664057,-3.356137999,-1.900850767,55.325
IRN,Iran,Middle East & North Africa,81800269,81.8003,0.797,50,6,current,1984,current,0,36,36,83.12820513,99,2992.615385,2/19/2020,5297,77,64.75526373,6,15,1.027861329,1.185814722,1.931533258,214,2.616127325,0.256722775,0.373732475,0.660144278,1284,15.69676395,0.183373411,0.523225465,1.821509212,4.17061499,0.027480264,0.170430067,0.658314122,0.961695104,-1.359758473,-0.984215045,-0.415296865,2.753454573,-1.69623071,-0.647742808,0.599665395,74.898
IRQ,Iraq,Middle East & North Africa,38433600,38.4336,0.689,89,3,current,1980,current,0,40,40,84.39473684,88.5,3375.789474,3/4/2020,83,11,2.159568711,4,24,0.044072831,0.0260189,0.182132301,16,0.416302402,0.0780567,0.059471772,0.104075601,54,1.405020607,0.0260189,0.04683402,0.182132301,0.769908531,-3.121911767,-3.648932077,-1.703021928,-0.876343355,-2.550319788,-2.822253504,-2.262637716,0.34005197,-3.648932077,-3.061145412,-1.703021928,70.473
IRL,Ireland,Europe & Central Asia,4867309,4.8673,0.942,70,14,current,1950,current,0,70,70,78.77777778,86.5,5514.444444,3/11/2020,730,7,149.980482,1,13,3.570963857,2.876338011,15.81985906,64,13.14897376,2.054527151,1.878424823,3.492696156,263,54.03406406,0.513631788,1.801135469,7.396297742,5.010505166,1.272835547,1.056517961,2.761266053,2.576343715,0.720045724,0.630433566,1.250673975,3.989614664,-0.666248637,0.588417282,2.00097957,63.17
ISR,Israel,Middle East & North Africa,8882800,8.8828,0.906,411,12,interrupted,1955,1982,38,65,27,73,75,1971,3/21/2020,184,40,20.71418922,1,7,0.647318413,0.619174134,1.463502499,55,6.191741343,0.900616923,0.884534478,1.463502499,172,19.36326384,0.619174134,0.645442128,1.463502499,3.030818935,-0.434916968,-0.47936873,0.380832535,1.823216363,-0.104675281,-0.122693786,0.380832535,2.963377654,-0.47936873,-0.437819727,0.380832535,92.418
ITA,Italy,Europe & Central Asia,60421760,60.4218,0.883,205,23,never,,,,,,,,,2/21/2020,24648,148,407.9322364,4,12,6.687413711,7.861401018,15.20974218,679,11.23766588,1.605380839,1.605380839,3.243862315,4825,79.85528402,0.63718724,2.661842801,13.12440212,6.011101073,1.900227209,2.061964837,2.721936155,2.419271161,0.473361012,0.473361012,1.176764692,4.380216047,-0.450691726,0.979018665,2.574473255,70.438
JAM,Jamaica,Latin America & Caribbean,2934855,2.9349,0.726,271,9,current,,current,0,,,86.68421053,93,,3/19/2020,6,3,2.04436267,1,14,0.060128314,0,0.681454223,1,0.340727112,0,0.048675302,0.340727112,5,1.703635558,0,0.056787852,0.681454223,0.715086088,-2.811274437,,-0.383526201,-1.076673381,,-3.02258353,-1.076673381,0.532764531,,-2.86843285,-0.383526201,55.674
JPN,Japan,East Asia & Pacific,126529100,126.5291,0.915,347,28,current,1951,current,0,69,69,92.16,93,6359.04,2/13/2020,263,2,2.078573229,28,62,0.03012425,0.00790332,0.252906248,4,0.031613281,0,0.004516183,0.015806641,19,0.150163085,0,0.005005436,0.039516601,0.731681711,-3.502424794,-4.840472321,-1.374736418,-3.45417796,,-5.400088109,-4.147325141,-1.896033342,,-5.297230724,-3.231034409,91.616
JOR,Jordan,Middle East & North Africa,9956011,9.956,0.723,112,4,current,,current,0,,,80.05263158,95,,3/27/2020,7,7,0.703093612,1,,0.027042062,0,0.200883889,0,0,0,0,0,,,,,,-0.352265235,-3.610361773,,-1.605028204,,,,,,,,,90.979
KAZ,Kazakhstan,Europe & Central Asia,18272430,18.2724,0.817,7,7,current,1945,current,0,75,75,92.72413793,95,6954.310345,3/20/2020,19,6,1.039819619,6,27,0.046909156,0.054727348,0.164182045,8,0.437818787,0.054727348,0.062545541,0.109454697,,,,,,0.039047255,-3.059542404,-2.905391725,-1.806779436,-0.825950183,-2.905391725,-2.771860332,-2.212244544,,,,,57.428
KEN,Kenya,Sub-Saharan Africa,51393010,51.393,0.579,90,2,current,1967,current,0,53,53,79.74193548,85,4226.322581,3/26/2020,14,6,0.27241064,12,,0.010089283,0,0.038915806,4,0.077831611,0.019457903,0.011118802,0.019457903,,,,,,-1.300444647,-4.596281513,,-3.246354796,-2.553207615,-3.939501976,-4.499117764,-3.939501976,,,,,27.03
KOR,"Korea, South",East Asia & Pacific,51606633,51.6066,0.906,530,14,current,1970,current,0,50,50,82.59375,93,4129.6875,2/20/2020,237,35,4.592435851,4,19,0.074071546,0.058132099,0.213151031,25,0.484434162,0.058132099,0.06920488,0.135641565,94,1.821472447,0.048443416,0.060715748,0.213151031,1.52441057,-2.602723815,-2.845037283,-1.545754298,-0.724773746,-2.845037283,-2.670683895,-1.997739422,0.599645211,-3.027358839,-2.801552171,-1.545754298,81.459
KWT,Kuwait,Middle East & North Africa,4137309,4.1373,0.808,232,3,current,,current,0,,,74.58823529,97,,4/4/2020,11,5,2.658738791,1,14,0.147707711,0,0.483407053,,,,,,,,,,,0.977851872,-1.912519886,,-0.726896221,,,,,,,,,100
KGZ,Kyrgyzstan,Europe & Central Asia,6322800,6.3228,0.674,33,4,current,1945,current,0,75,75,97.48275862,98,7311.206897,4/3/2020,7,5,1.107104447,1,18,0.058268655,0,0.474473335,,,,,,,,,,,0.101748001,-2.842690978,,-0.745549859,,,,,,,,,36.351
LAO,Laos,East Asia & Pacific,7061507,7.0615,0.604,31,4,current,,current,0,,,53.91891892,61,,,0,,0,,,,,,,,,,,,,,,,,,,,,,,,,,,,35.004
LVA,Latvia,Europe & Central Asia,1927174,1.9272,0.854,31,20,current,1940,current,0,80,80,95.55172414,95,7644.137931,4/3/2020,9,5,4.669987547,1,5,0.245788818,0,2.075550021,,,,,,,,,,,1.541156405,-1.403282574,,0.730226189,,,,,,,,,68.142
LBN,Lebanon,Middle East & North Africa,6848925,6.8489,0.73,669,7,never,,,,,,,,,3/10/2020,21,4,3.066185811,1,18,0.071306647,0,0.292017696,7,1.022061937,0.146008848,0.146008848,0.292017696,19,2.774168115,0,0.09247227,0.292017696,1.120434382,-2.640765733,,-1.230940875,0.021822094,-1.924088055,-1.924088055,-1.230940875,1.020350924,,-2.380846458,-1.230940875,88.593
LSO,Lesotho,Sub-Saharan Africa,2108132,2.1081,0.518,69,5,current,,current,0,,,70.94444444,72.5,,,,,,,,,,,,,,,,,,,,,,,,,,,,,,,,,28.153
LBR,Liberia,Sub-Saharan Africa,4818977,4.819,0.465,50,3,current,,current,0,,,71.66666667,82,,4/4/2020,8,7,1.660095455,1,7,0.092227525,0,0.415023864,,,,,,,,,,,0.506875104,-2.383496654,,-0.879419257,,,,,,,,,51.151
LBY,Libya,Middle East & North Africa,6678567,6.6786,0.707,4,4,current,,current,0,,,95.14705882,99,,4/2/2020,1,1,0.14973198,1,,0.007486599,0,0.14973198,,,,,,,,,,,-1.898908385,-4.894640658,,-1.898908385,,,,,,,,,80.102
LIE,Liechtenstein,Europe & Central Asia,37910,0.0379,0.917,237,,,,,,,,,,,4/4/2020,1,1,26.38522427,1,1,1.465845793,0,26.38522427,,,,,,,,,,,3.272804167,0.382432409,,3.272804167,,,,,,,,,14.338
LTU,Lithuania,Europe & Central Asia,2801543,2.8015,0.869,45,20,current,1945,current,0,75,75,97.33333333,98,7300,3/21/2020,38,9,13.56416206,1,5,0.423880064,0.356951633,2.141709798,13,4.64037123,0.713903266,0.662910176,2.141709798,35,12.49330716,0.356951633,0.416443572,2.141709798,2.607431172,-0.858304731,-1.030154988,0.761604481,1.534794369,-0.337007807,-0.41111578,0.761604481,2.525193073,-1.030154988,-0.876004308,0.761604481,67.679
LUX,Luxembourg,Europe & Central Asia,607950,0.608,0.909,250,14,interrupted,,,,,,47.8,50,,3/14/2020,78,15,128.2894737,1,1,3.458164642,3.289473684,13.15789474,16,26.31578947,1.644736842,3.759398496,9.868421053,66,108.5526316,1.644736842,3.618421053,13.15789474,4.854289224,1.240737998,1.190727578,2.577021939,3.270169119,0.497580397,1.32425897,2.289339866,4.687235139,0.497580397,1.286037757,2.577021939,90.981
MDG,Madagascar,Sub-Saharan Africa,26262368,26.2624,0.521,45,3,current,,current,0,,,73.07692308,79,,,0,,0,,,,,,,,,,,,,,,,,,,,,,,,,,,,37.191
MWI,Malawi,Sub-Saharan Africa,18143315,18.1433,0.485,192,3,current,,current,0,,,89.28205128,93,,4/7/2020,2,2,0.11023353,5,,0.007348902,0,0.055116765,,,,,,,,,,,-2.205154166,-4.913204367,,-2.898301347,,,,,,,,,16.937
MYS,Malaysia,East Asia & Pacific,31528585,31.5286,0.804,96,7,current,1961,current,0,59,59,97.68421053,98,5763.368421,3/17/2020,92,37,2.917985575,5,13,0.081055155,0.063434469,0.253737876,25,0.792930863,0.126868938,0.113275838,0.190303407,83,2.632530464,0.079293086,0.087751015,0.253737876,1.070893507,-2.512625432,-2.75774789,-1.371453529,-0.232019246,-2.064600709,-2.177929395,-1.659135601,0.967945537,-2.534604339,-2.433251844,-1.371453529,76.036
MDV,Maldives,South Asia,515696,0.5157,0.719,1719,4,current,,current,0,,,83.125,99,,,0,,0,,,,,,,,,,,,,,,,,,,,,,,,,,,,39.808
MLI,Mali,Sub-Saharan Africa,19077690,19.0777,0.427,16,3,current,,current,0,,,75.66666667,82,,3/29/2020,14,7,0.733841081,2,,0.030576712,0,0.15725166,6,0.314503321,0,0.044929046,0.15725166,,,,,,-0.309462784,-3.487516614,,-1.849907825,-1.156760644,,-3.102670794,-1.849907825,,,,,42.356
MLT,Malta,Middle East & North Africa,484630,0.4846,0.885,1511,20,current,,current,0,,,79.82608696,79,,4/8/2020,3,3,6.19067272,1,1,0.442190909,0,2.063557573,,,,,,,,,,,1.823043759,-0.81601357,,0.724431471,,,,,,,,,94.612
MHL,Marshall Islands,East Asia & Pacific,58413,0.0584,0.698,325,,current,2004,current,0,16,16,88.17857143,92,1410.857143,,,,,,,,,,,,,,,,,,,,,,,,,,,,,,,,77.031
MRT,Mauritania,Sub-Saharan Africa,4403319,4.4033,0.527,4,3,current,,current,0,,,81.42424242,85,,3/30/2020,1,1,0.2271024,1,,0.009874017,0,0.2271024,0,0,0,0,0,,,,,,-1.48235426,-4.617848476,,-1.48235426,,,,,,,,,53.672
MUS,Mauritius,Sub-Saharan Africa,1265303,1.2653,0.796,623,11,current,,current,0,,,91.92105263,88.5,,3/21/2020,9,7,7.112937643,1,2,0.222279301,0,1.58065281,2,1.58065281,0,0.225807544,1.58065281,9,7.112937643,0,0.237097921,1.58065281,1.961915329,-1.503820574,,0.457837932,0.457837932,,-1.488072217,0.457837932,1.961915329,,-1.439282053,0.457837932,40.793
MEX,Mexico,Latin America & Caribbean,126190788,126.1908,0.767,65,7,current,1951,current,0,69,69,85.35897436,98,5889.769231,3/19/2020,712,29,5.642249673,11,21,0.16594852,0.110943112,0.824148829,112,0.887544892,0.11886762,0.126792127,0.245659747,486,3.851310872,0.071320572,0.128377029,0.58641359,1.730282864,-1.79607766,-2.198737718,-0.193404148,-0.119296176,-2.129744846,-2.065206325,-1.403807843,1.348413577,-2.64057047,-2.052783805,-0.533729954,80.156
MDA,Moldova,Europe & Central Asia,2706049,2.706,0.627,124,11,current,1945,current,0,75,75,96.30769231,97,7223.076923,3/18/2020,72,4,26.6075388,1,14,0.760215394,0.36954915,3.6954915,18,6.651884701,1.10864745,0.950269243,1.4781966,54,19.9556541,0.36954915,0.66518847,2.9563932,3.281194589,-0.274153472,-0.99547153,1.307113563,1.894900228,0.103140759,-0.051009921,0.390822831,2.993512517,-0.99547153,-0.407684865,1.083970012,42.629
MCO,Monaco,Europe & Central Asia,38682,0.0387,0.956,19196,,current,,,,,,94.88888889,98,,3/29/2020,3,1,77.51937984,1,1,3.22997416,0,51.67958656,2,51.67958656,0,7.38279808,51.67958656,,,,,,4.350527968,1.172474137,,3.94506286,3.94506286,,1.99915271,3.94506286,,,,,100
MNG,Mongolia,East Asia & Pacific,3170208,3.1702,0.735,2,4,current,1948,current,0,72,72,86.25641026,97,6210.461538,,0,,0,,,,,,,,,,,,,,,,,,,,,,,,,,,,68.445
MNE,Montenegro,Europe & Central Asia,622227,0.6222,0.816,46,15,current,,,,,,92.30769231,95,,3/23/2020,5,2,8.036001286,1,1,0.26786671,0,1.607200257,1,1.607200257,0,0.229600037,1.607200257,5,8.036001286,0,0.26786671,1.607200257,2.083931607,-1.317265775,,0.474493695,0.474493695,,-1.471416455,0.474493695,2.083931607,,-1.317265775,0.474493695,66.813
MAR,Morocco,Middle East & North Africa,36029138,36.0291,0.676,81,7,current,,current,0,,,90.72972973,95,,3/10/2020,145,4,4.02452462,13,23,0.093593596,0.055510684,0.333064107,29,0.804904924,0.055510684,0.114986418,0.333064107,93,2.581246825,0.027755342,0.086041561,0.333064107,1.392406797,-2.368793319,-2.891179765,-1.099420295,-0.217031115,-2.891179765,-2.162941264,-1.099420295,0.948272548,-3.584326945,-2.452924834,-1.099420295,62.453
MOZ,Mozambique,Sub-Saharan Africa,29495962,29.496,0.446,38,3,current,,current,0,,,79.18421053,90,,,0,,0,,,,,,,,,,,,,,,,,,,,,,,,,,,,35.988
NAM,Namibia,Sub-Saharan Africa,2448255,2.4483,0.645,3,4,current,,current,0,,,87.43333333,90,,,0,,0,,,,,,,,,,,,,,,,,,,,,,,,,,,,50.032
NPL,Nepal,South Asia,28087871,28.0879,0.579,196,6,current,,current,0,,,79.63414634,87,,,0,,0,,,,,,,,,,,,,,,,,,,,,,,,,,,,19.74
NLD,Netherlands,Europe & Central Asia,17231624,17.2316,0.934,511,19,never,,,,,,,,,3/6/2020,3929,77,228.011328,3,10,4.851304852,4.990830799,13.57970241,358,20.77578402,2.4954154,2.967969146,4.642633302,1656,96.10250934,1.740987488,3.203416978,10.15576035,5.429395312,1.57924771,1.607602389,2.608576208,3.033788079,0.914455208,1.08787793,1.535281727,4.565415427,0.554452474,1.164218046,2.318041066,91.49
NZL,New Zealand,East Asia & Pacific,4841000,4.841,0.921,19,16,never,,,,,,,18,,3/29/2020,13,4,2.685395579,1,16,0.111891482,0,0.826275563,7,1.445982235,0,0.206568891,0.826275563,,,,,,0.987828047,-2.190225784,,-0.19082695,0.368788838,,-1.577121311,-0.19082695,,,,,86.538
NIC,Nicaragua,Latin America & Caribbean,6465513,6.4655,0.651,54,5,current,,current,0,,,92.53846154,99,,3/27/2020,2,1,0.309334158,1,,0.011897468,0,0.154667079,0,0,0,0,0,,,,,,-1.173333168,-4.431429706,,-1.866480349,,,,,,,,,58.522
NER,Niger,Sub-Saharan Africa,22442948,22.4429,0.377,18,3,current,,current,0,,,67.72727273,71,,3/25/2020,20,11,0.891150431,6,,0.031826801,0,0.178230086,3,0.133672565,0,0.019096081,0.089115043,,,,,,-0.115242032,-3.447446542,,-1.724679945,-2.012362017,,-3.958272166,-2.417827125,,,,,16.425
NGA,Nigeria,Sub-Saharan Africa,195874740,195.8747,0.534,215,3,current,1991,current,0,29,29,51.81818182,55,1502.727273,3/23/2020,22,5,0.1123167,28,,0.00374389,0,0.020421218,5,0.025526523,0,0.003646646,0.015315914,22,0.1123167,0,0.00374389,0.020421218,-2.186432716,-5.587630097,,-3.891180808,-3.668037257,,-5.613947406,-4.17886288,-2.186432716,,-5.587630097,-3.891180808,50.344
MKD,North Macedonia,Europe & Central Asia,2082958,2.083,0.759,83,14,current,1950,current,0,70,70,95.28,95,6669.6,3/22/2020,55,17,26.40422468,1,4,0.851749183,0.480076812,2.880460874,17,8.161305809,0.960153625,1.16590083,2.400384061,54,25.92414786,0.480076812,0.864138262,2.880460874,3.273524023,-0.160463182,-0.733809162,1.057950307,2.099404182,-0.040661982,0.153494033,0.87562875,3.255174884,-0.733809162,-0.146022497,1.057950307,57.963
NOR,Norway,Europe & Central Asia,5311916,5.3119,0.954,15,17,interrupted,1947,2009,11,73,62,92.81818182,92,5754.727273,3/14/2020,182,19,34.2626932,1,5,0.878530595,0.753026224,3.012104897,40,7.530262241,1.129539336,1.075751749,1.694309004,128,24.09683917,0.658897946,0.803227972,2.447335228,3.5340571,-0.129504546,-0.283655226,1.102639136,2.018929867,0.121809883,0.073019718,0.527274991,3.182080677,-0.417186618,-0.219116704,0.894999771,82.248
OMN,Oman,Middle East & North Africa,4829483,4.8295,0.834,16,2,current,,current,0,,,93.66666667,98,,3/31/2020,8,4,1.656486179,1,18,0.075294826,0,0.414121545,3,0.621182317,0,0.088740331,0.414121545,,,,,,0.504698599,-2.586343854,,-0.881595762,-0.476130654,,-2.422040803,-0.881595762,,,,,84.539
PAK,Pakistan,South Asia,212215030,212.215,0.56,275,4,current,1978,current,0,42,42,73.25,82,3076.5,3/19/2020,201,27,0.947152652,13,,0.027857431,0.018848809,0.117805056,34,0.160214876,0.028273213,0.022887839,0.032985416,135,0.636147303,0.011780506,0.02120491,0.094244045,-0.054295004,-3.580655528,-3.971305551,-2.138724087,-1.831239387,-3.565840442,-3.777149536,-3.411689763,-0.452325133,-4.44130918,-3.853522515,-2.361867638,36.666
PAN,Panama,Latin America & Caribbean,4176873,4.1769,0.795,56,8,current,1949,current,0,71,71,95.1025641,99,6752.282051,3/11/2020,136,6,32.56003256,1,13,0.77523887,0.718236012,2.394120041,24,5.745888099,0.718236012,0.820841157,1.675884029,63,15.08295626,0.239412004,0.502765209,1.915296033,3.483085541,-0.254584077,-0.330957056,0.873015748,1.748484486,-0.330957056,-0.197425663,0.516340804,2.713565382,-1.429569345,-0.687632,0.649872197,67.709
PNG,Papua New Guinea,East Asia & Pacific,8606316,8.6063,0.543,19,3,current,,current,0,,,75.15,76,,,0,,0,,,,,,,,,,,,,,,,,,,,,,,,,,,,13.169
PRY,Paraguay,Latin America & Caribbean,6956071,6.9561,0.724,18,6,current,,current,0,,,76.79487179,80,,3/21/2020,8,3,1.150069723,1,25,0.035939679,0,0.287517431,3,0.431276146,0,0.061610878,0.287517431,8,1.150069723,0,0.038335657,0.287517431,0.139822569,-3.325913334,,-1.246471792,-0.841006684,,-2.786916833,-1.246471792,0.139822569,,-3.261374812,-1.246471792,61.585
PER,Peru,Latin America & Caribbean,31989256,31.9893,0.759,25,8,current,1945,current,0,75,75,84.38461538,91,6328.846154,3/20/2020,484,55,15.13005911,2,13,0.45848664,0.375125433,1.625543541,83,2.594617575,0.375125433,0.370659654,0.531427696,348,10.87863754,0.296974301,0.362621251,1.50050173,2.716683435,-0.779824127,-0.980494822,0.485842247,0.953439136,-0.980494822,-0.992471013,-0.632188128,2.386801008,-1.214109673,-1.014396374,0.405799539,77.907
PHL,Philippines,East Asia & Pacific,106651922,106.6519,0.712,358,5,current,1951,current,0,69,69,81.14634146,87,5599.097561,2/2/2020,437,1,4.09744224,43,61,0.051686843,0.009376298,0.468814902,0,0,0,0,0,1,0.009376298,0,0.000312543,0.009376298,1.410362935,-2.962552019,-4.66957026,-0.757547255,,,,,-4.66957026,,-8.070767642,-4.66957026,46.907
POL,Poland,Europe & Central Asia,37974750,37.9748,0.872,124,18,current,1955,current,0,65,65,94.27906977,94,6128.139535,3/12/2020,401,14,10.55963428,5,21,0.257552056,0.210666021,0.789997577,29,0.763664325,0.052666505,0.109094904,0.263332526,181,4.766318717,0.052666505,0.158877291,0.789997577,2.357038645,-1.356533421,-1.55748124,-0.2357254,-0.269626952,-2.943775601,-2.215537101,-1.334337689,1.561574249,-2.943775601,-1.839623132,-0.2357254,60.058
PRT,Portugal,Europe & Central Asia,10283822,10.2838,0.85,112,22,interrupted,1965,2016,4,55,51,80.33333333,87,4097,3/17/2020,762,140,74.09712363,2,5,2.058253434,2.236527354,3.59789183,171,16.62809467,2.139287034,2.375442096,3.59789183,599,58.24695152,1.993426554,1.941565051,3.59789183,4.305376714,0.721857776,0.804924374,1.280348071,2.811093715,0.760472612,0.865183566,1.280348071,4.064691757,0.689855045,0.663494375,1.280348071,65.211
QAT,Qatar,Middle East & North Africa,2781677,2.7817,0.848,240,1,current,,current,0,,,88.63157895,97.5,,3/28/2020,9,6,3.235431571,1,6,0.129417263,0,0.718984793,1,0.359492397,0,0.051356057,0.359492397,,,,,,1.174162326,-2.044713499,,-0.329915071,-1.023062252,,-2.968972401,-1.023062252,,,,,99.135
ROU,Romania,Europe & Central Asia,19466145,19.4661,0.816,85,18,current,1928,current,0,92,92,97.78125,99,8995.875,3/22/2020,498,146,25.58293649,1,5,0.825256016,0.97605581,1.541140752,145,7.44884697,1.130169885,1.064120996,1.438398036,478,24.55550932,0.950370131,0.818516977,1.541140752,3.241925586,-0.192061619,-0.024235512,0.432522891,2.008059251,0.122367962,0.062149102,0.363530019,3.200936241,-0.050903759,-0.20026114,0.432522891,53.998
RUS,Russia,Europe & Central Asia,144478050,144.4781,0.824,9,15,current,1945,current,0,75,75,94.15151515,96,7061.363636,3/19/2020,456,24,3.156187685,13,26,0.09282905,0.044989517,0.352994675,39,0.269937105,0.034607321,0.038562444,0.076136106,273,1.889559733,0.031146589,0.062985324,0.283780033,1.149364871,-2.376995654,-3.101325762,-1.041302306,-1.309566293,-3.363690027,-3.255476442,-2.575232666,0.636343856,-3.469050542,-2.764853525,-1.259555872,74.433
RWA,Rwanda,Sub-Saharan Africa,12301939,12.3019,0.536,499,3,current,1956,current,0,64,64,88.72727273,93,5678.545455,,0,,0,,,,,,,,,,,,,,,,,,,,,,,,,,,,17.211
KNA,Saint Kitts and Nevis,Latin America & Caribbean,52441,0.0524,0.777,202,,current,,current,0,,,95.95652174,99,,,0,,0,,,,,,,,,,,,,,,,,,,,,,,,,,,,30.776
LCA,Saint Lucia,Latin America & Caribbean,181889,0.1819,0.745,298,10,current,,current,0,,,91.18421053,96.5,,,0,,0,,,,,,,,,,,,,,,,,,,,,,,,,,,,18.678
VCT,Saint Vincent and the Grenadines,Latin America & Caribbean,110210,0.1102,0.728,283,10,current,,current,0,,,93.85294118,99,,,0,,0,,,,,,,,,,,,,,,,,,,,,,,,,,,,52.198
SMR,San Marino,Europe & Central Asia,33785,0.0338,0.961,563,,never,,,,,,,,,3/3/2020,40,7,1183.431953,1,1,23.66863905,0,177.5147929,13,384.6153846,0,54.94505495,177.5147929,26,769.2307692,0,25.64102564,177.5147929,7.076173931,3.164150925,,5.179053946,5.952243834,,4.006333685,5.179053946,6.645391015,,3.244193633,5.179053946,97.226
STP,Sao Tome and Principe,Sub-Saharan Africa,211028,0.211,0.609,220,3,current,,current,0,,,92.14705882,95.5,,,0,,0,,,,,,,,,,,,,,,,,,,,,,,,,,,,72.803
SAU,Saudi Arabia,Middle East & North Africa,33699947,33.6999,0.857,16,3,current,1968,current,0,52,52,87.44117647,94,4546.941176,3/24/2020,109,38,3.234430963,5,13,0.111532102,0.118694714,0.237389428,27,0.801189321,0.089021036,0.114455617,0.20771575,,,,,,1.173853012,-2.193442818,-2.131200509,-1.438053328,-0.221658004,-2.418882581,-2.167568153,-1.571584721,,,,,83.844
SEN,Senegal,Sub-Saharan Africa,15854360,15.8544,0.514,82,3,current,1986,current,0,34,34,87,90,2958,4/1/2020,5,2,0.315369866,4,,0.015017613,0,0.126147946,3,0.189221919,0,0.027031703,0.126147946,,,,,,-1.154009152,-4.19853159,,-2.070299884,-1.664834776,,-3.610744925,-2.070299884,,,,,47.192
SRB,Serbia,Europe & Central Asia,6982604,6.9826,0.799,80,18,current,,,,,,89.63888889,96.5,,3/20/2020,125,31,17.90164122,1,9,0.568512727,0.429639389,1.718557557,35,5.012459542,0.716065649,0.716065649,1.145705038,123,17.61521496,0.501245954,0.587173832,1.718557557,2.884892397,-0.564731579,-0.844809052,0.54148531,1.611926721,-0.333983428,-0.333983428,0.136020201,2.868763015,-0.690658372,-0.532434367,0.54148531,56.092
SYC,Seychelles,Sub-Saharan Africa,96762,0.0968,0.801,210,8,current,,current,0,,,97.1875,99,,,0,,0,,,,,,,,,,,,,,,,,,,,,,,,,,,,56.691
SLE,Sierra Leone,Sub-Saharan Africa,7650154,7.6502,0.438,106,3,current,1990,current,0,30,30,76.05714286,82,2281.714286,,0,,0,,,,,,,,,,,,,,,,,,,,,,,,,,,,42.055
SGP,Singapore,East Asia & Pacific,5638676,5.6387,0.935,7953,11,current,1950,current,0,70,70,96.04651163,98,6723.255814,3/21/2020,11,5,1.950804263,1,15,0.060962633,0,0.354691684,2,0.354691684,0,0.050670241,0.177345842,11,1.950804263,0,0.065026809,0.354691684,0.66824173,-2.797494172,,-1.036506362,-1.036506362,,-2.982416511,-1.729653542,0.66824173,,-2.732955651,-1.036506362,100
SVK,Slovakia,Europe & Central Asia,5446771,5.4468,0.857,113,16,interrupted,1953,2012,8,67,59,95.69565217,97,5646.043478,3/18/2020,14,2,2.570316516,1,19,0.110156422,0,0.734376147,7,1.285158258,0,0.183594037,0.734376147,,,,,,0.944029049,-2.205853904,,-0.308733919,0.250881869,,-1.69502828,-0.308733919,,,,,53.726
SVN,Slovenia,Europe & Central Asia,2073894,2.0739,0.902,103,20,interrupted,1947,2005,15,73,58,96.57142857,97.5,5601.142857,3/14/2020,77,9,37.12811611,1,10,0.952002977,0.964366652,2.893099957,11,5.304016587,0.964366652,0.757716655,1.928733304,53,25.55571628,0.482183326,0.851857209,2.893099957,3.614374529,-0.049187117,-0.036283712,1.062328577,1.66846438,-0.036283712,-0.277445769,0.656863468,3.240861021,-0.729430893,-0.160336361,1.062328577,54.541
SLB,Solomon Islands,East Asia & Pacific,652858,0.6529,0.557,23,4,current,,current,0,,,74.21621622,79,,,,,,,,,,,,,,,,,,,,,,,,,,,,,,,,,23.749
SOM,Somalia,Sub-Saharan Africa,15008154,15.0082,0.285,24,3,current,,current,0,,,40.1875,39,,4/8/2020,8,8,0.533041937,6,,0.038074424,0,0.199890726,,,,,,,,,,,-0.629155177,-3.268212506,,-1.60998443,,,,,,,,,44.971
ZAF,South Africa,Sub-Saharan Africa,57779622,57.7796,0.705,48,5,current,1973,current,0,47,47,80.94117647,87,3804.235294,3/27/2020,58,18,1.003814495,8,25,0.03860825,0.017307146,0.242300051,30,0.519214394,0.034614293,0.074173485,0.242300051,,,,,,0.003807238,-3.2542893,-4.056635772,-1.417578443,-0.655438391,-3.363488592,-2.60134854,-1.417578443,,,,,66.355
ESP,Spain,Europe & Central Asia,46796540,46.7965,0.893,94,19,interrupted,1965,1981,39,55,16,,,,3/3/2020,21282,342,454.7776009,4,9,9.095552018,9.904586881,20.53572383,1969,42.07579627,4.55162245,6.010828038,11.5179554,9387,200.5919246,3.045099527,6.686397487,19.72369729,6.11980851,2.207785505,2.292997971,3.022165995,3.739472665,1.515483752,1.793562516,2.443907157,5.301272619,1.113533586,1.900075237,2.981820821,80.321
LKA,Sri Lanka,South Asia,21670000,21.67,0.78,346,10,current,,current,0,,,87.69047619,93,,3/28/2020,7,7,0.323027227,5,,0.012921089,0,0.046146747,0,0,0,0,0,,,,,,-1.130018666,-4.348894491,,-3.075928816,,,,,,,,,18.476
SDN,Sudan,Sub-Saharan Africa,41801533,41.8015,0.508,,4,current,1976,current,0,44,44,66,76,2904,3/13/2020,12,1,0.287071038,33,,0.007176776,0,0.095690346,1,0.023922587,0,0.003417512,0.023922587,2,0.047845173,0,0.001594839,0.023922587,-1.248025574,-4.936905028,,-2.346637863,-3.732932224,,-5.678842373,-3.732932224,-3.039785043,,-6.440982425,-3.732932224,34.642
SUR,Suriname,Latin America & Caribbean,575991,0.576,0.724,4,7,current,,,,,,,,,4/3/2020,1,1,1.736111111,1,1,0.091374269,0,1.736111111,,,,,,,,,,,0.551647618,-2.392791361,,0.551647618,,,,,,,,,66.06
SWE,Sweden,Europe & Central Asia,10175214,10.1752,0.937,25,20,interrupted,1940,1975,45,80,35,17.02564103,16,595.8974359,3/11/2020,1765,36,173.4609639,4,9,4.13002295,2.26039783,18.18146081,144,14.15205598,2.55523233,2.021722283,3.538013995,793,77.93458605,0.786225332,2.597819535,11.20371098,5.155952582,1.418282964,0.815540829,2.900402438,2.649859912,0.938143151,0.703949763,1.263565551,4.355869834,-0.240511845,0.954672453,2.416245061,87.431
CHE,Switzerland,Europe & Central Asia,8513227,8.5132,0.946,216,19,interrupted,1960,1987,33,60,27,21,21,567,3/5/2020,1478,28,173.6127426,1,9,3.616932137,3.935065545,8.809848236,125,14.68308039,2.466757506,2.097582913,3.641403937,591,69.4216041,1.527040361,2.31405347,8.692383593,5.156827201,1.28562619,1.369927539,2.175870213,2.686695837,0.902904538,0.740785688,1.292369304,4.240198117,0.423331457,0.839000736,2.162447193,73.797
SYR,Syria,Middle East & North Africa,16906283,16.9063,0.549,92,5,current,,current,0,,,85.61538462,98,,3/29/2020,3,2,0.177448643,2,,0.007393693,0,0.059149548,0,0,0,0,0,,,,,,-1.729074045,-4.907127875,,-2.827686334,,,,,,,,,54.162
TWN,Taiwan*,East Asia & Pacific,23816775,23.8168,0.911,,,current,,current,0,,,,,,2/16/2020,6,1,0.251923012,44,,0.003817015,0,0.125961506,0,0,0,0,0,1,0.041987169,0,0.001399572,0.041987169,-1.378631745,-5.568286487,,-2.071778925,,,,,-3.170391214,,-6.571588596,-3.170391214,
TJK,Tajikistan,Europe & Central Asia,9100837,9.1008,0.656,66,3,current,,current,0,,,93.93333333,97.5,,,,,,,,,,,,,,,,,,,,,,,,,,,,,,,,,27.134
TZA,Tanzania,Sub-Saharan Africa,56318348,56.3183,0.538,64,3,current,1975,current,0,45,45,89.79487179,91,4040.769231,3/31/2020,10,3,0.177562178,20,,0.008071008,0,0.053268653,7,0.124293524,0.017756218,0.017756218,0.053268653,,,,,,-1.728434434,-4.819476887,,-2.932407238,-2.085109378,-4.031019527,-4.031019527,-2.932407238,,,,,33.776
THA,Thailand,East Asia & Pacific,69428524,69.4285,0.765,136,12,current,1977,current,0,43,43,88.7804878,99,3817.560976,3/1/2020,48,1,0.691358736,29,,0.01329536,0,0.057613228,0,0,0,0,0,9,0.129629763,0,0.004320992,0.043209921,-0.369096435,-4.320340154,,-2.854003085,,,,,-2.043072869,,-5.44427025,-3.141685157,49.949
TLS,Timor-Leste,East Asia & Pacific,1267972,1.268,0.626,85,4,current,,current,0,,,79.76470588,79,,,0,,0,,,,,,,,,,,,,,,,,,,,,,,,,,,,30.578
TGO,Togo,Sub-Saharan Africa,7889094,7.8891,0.513,145,3,current,,current,0,,,81.375,83,,3/27/2020,6,3,0.760543028,1,,0.029251655,0,0.253514343,2,0.253514343,0,0.036216335,0.253514343,,,,,,-0.273722591,-3.531819129,,-1.372334879,-1.372334879,,-3.318245028,-1.372334879,,,,,41.702
TTO,Trinidad and Tobago,Latin America & Caribbean,1389858,1.3899,0.799,271,11,current,,,,,,,,,3/25/2020,8,8,5.75580977,1,3,0.205564635,0,1.438952443,0,0,0,0,0,,,,,,1.75020974,-1.581994771,,0.363915378,,,,,,,,,53.184
TUN,Tunisia,Middle East & North Africa,11565204,11.5652,0.739,74,8,current,1979,current,0,41,41,89.15384615,91,3655.307692,3/19/2020,38,12,3.285719227,4,14,0.096638801,0.086466295,0.345865182,12,1.037595545,0.086466295,0.148227935,0.345865182,37,3.199252931,0.086466295,0.106641764,0.345865182,1.189585571,-2.336774954,-2.448000589,-1.061706228,0.036906061,-2.448000589,-1.909004088,-1.061706228,1.162917324,-2.448000589,-2.238280058,-1.061706228,68.945
TUR,Turkey,Europe & Central Asia,82319724,82.3197,0.807,107,8,current,1952,current,0,68,68,72.6097561,77,4937.463415,3/17/2020,2259,168,27.44179097,5,11,0.762271971,0.898934277,1.542765583,481,5.8430728,0.886786516,0.834724686,0.959673079,1518,18.44030044,0.662052947,0.614676681,1.396992457,3.312067069,-0.271451869,-0.106545354,0.433576639,1.765256823,-0.120151006,-0.180653326,-0.041162595,2.914538511,-0.412409746,-0.486658871,0.334321681,75.143
UGA,Uganda,Sub-Saharan Africa,42723139,42.7231,0.528,213,2,current,1987,current,0,33,33,86.45714286,92,2853.085714,,0,,0,,,,,,,,,,,,,,,,,,,,,,,,,,,,23.774
UKR,Ukraine,Europe & Central Asia,44622516,44.6225,0.75,77,16,current,1945,current,0,75,75,92,95.5,6900,3/13/2020,161,5,3.608045269,13,26,0.090201132,0.078435767,0.268922629,17,0.380973724,0.067230657,0.054424818,0.089640876,73,1.635945991,0.022410219,0.054531533,0.268922629,1.283166149,-2.405713305,-2.545475248,-1.313331566,-0.965024872,-2.699625927,-2.910935021,-2.411943855,0.492221225,-3.798238216,-2.908976157,-1.313331566,69.352
ARE,United Arab Emirates,Middle East & North Africa,9630959,9.631,0.866,136,1,current,,current,0,,,82.36111111,98,,3/20/2020,46,8,4.776243381,1,16,0.144734648,0.103831378,0.519156889,6,0.622988267,0.103831378,0.088998324,0.207662756,37,3.84176098,0.103831378,0.128058699,0.519156889,1.563654334,-1.932853228,-2.264987063,-0.65554915,-0.473227593,-2.264987063,-2.419137742,-1.571839882,1.34593085,-2.264987063,-2.055266532,-0.65554915,86.522
GBR,United Kingdom,Europe & Central Asia,66460344,66.4603,0.92,275,18,interrupted,1953,2005,15,67,52,36.76923077,10,1912,3/5/2020,17378,72,261.4794095,7,14,5.447487698,2.941605741,14.76069172,394,5.928351211,0.812515141,0.846907316,1.309052171,3611,54.33318838,0.624432932,1.811106279,10.30690502,5.56635554,1.69515453,1.078955603,2.691967683,1.779746132,-0.20762073,-0.166164017,0.269303342,3.995135244,-0.47091135,0.593937863,2.332814061,83.398
URY,Uruguay,Latin America & Caribbean,3449299,3.4493,0.808,20,15,current,1980,current,0,40,40,95.97368421,99,3838.947368,3/29/2020,11,7,3.189052851,1,5,0.132877202,0,0.579827791,2,0.579827791,0,0.082832542,0.289913896,,,,,,1.159723961,-2.018329869,,-0.545024131,-0.545024131,,-2.49093428,-1.238171312,,,,,95.334
USA,US,North America,326687501,326.6875,0.92,36,16,never,,,,,,,,,2/29/2020,44845,47,137.2718577,12,23,2.59003505,0.817294815,14.05624641,197,0.603022766,0.067342644,0.086146109,0.2510044,2467,7.551559212,0.026018749,0.25171864,1.362158026,4.921963322,0.951671409,-0.201755398,2.643066882,-0.505800328,-2.697961603,-2.451710477,-1.382284809,2.02175406,-3.648937893,-1.379443322,0.309070226,82.256
UZB,Uzbekistan,Europe & Central Asia,32955400,32.9554,0.71,77,4,current,1937,current,0,83,83,97,98,8051,3/27/2020,6,3,0.182064244,16,,0.007002471,0,0.030344041,1,0.030344041,0,0.004334863,0.030344041,,,,,,-1.703395663,-4.961492201,,-3.495155132,-3.495155132,,-5.441065281,-3.495155132,,,,,50.478
VUT,Vanuatu,East Asia & Pacific,292680,0.2927,0.597,24,4,current,,curent,,,,82.13888889,89,,,,,,,,,,,,,,,,,,,,,,,,,,,,,,,,,25.274
VEN,Venezuela,Latin America & Caribbean,28870195,28.8702,0.726,33,7,current,,current,0,,,88.60526316,90.5,,3/27/2020,10,9,0.346377926,4,,0.013322228,0,0.069275585,0,0,0,0,0,,,,,,-1.060224828,-4.318321366,,-2.669662741,,,,,,,,,88.208
VNM,Vietnam,East Asia & Pacific,95540395,95.5404,0.693,308,7,current,1985,current,0,35,35,87.47222222,95,3061.527778,,0,,0,,,,,,,,,,,,,,,,,,,,,,,,,,,,35.919
PSE,West Bank and Gaza,,4569087,4.5691,0.69,759,3,current,,current,0,,,,,,,4,1,0.87544593,1,,0.032423923,0,0.218861483,1,0.218861483,0,0.031265926,0.218861483,,,,,,,,,,,,,,,,,,76.164
ESH,Western Sahara,Sub-Saharan Africa,597339,0.5973,,,,,,,,,,,,,,0,,0,,,,,,,,,,,,,,,,,,,,,,,,,,,,
YEM,Yemen,Middle East & North Africa,28498687,28.4987,0.463,54,3,current,,current,0,,,54.97435897,61,,,0,,0,,,,,,,,,,,,,,,,,,,,,,,,,,,,36.642
ZMB,Zambia,Sub-Saharan Africa,17351822,17.3518,0.591,23,2,current,,current,0,,,91.8125,93.5,,4/2/2020,3,2,0.172892726,9,,0.008644636,0,0.057630909,,,,,,,,,,,-1.755083959,-4.750816232,,-2.853696247,,,,,,,,,43.521
ZWE,Zimbabwe,Sub-Saharan Africa,14439018,14.439,0.563,37,3,current,,current,0,,,87.75,88.5,,3/23/2020,3,1,0.207770621,16,,0.006925687,0,0.069256874,2,0.138513747,0,0.019787678,0.069256874,3,0.207770621,0,0.006925687,0.069256874,-1.57132059,-4.972517972,,-2.669932879,-1.976785698,,-3.922695847,-2.669932879,-1.57132059,,-4.972517972,-2.669932879,32.209
USA_state,Alabama,United States,4887681,4.887681,0.877,37.26221488,15.2,never,,,,,,,,,3/25/2020,183,64,37.44106868,1,5,1.337181024,1.022980019,4.091920074,50,10.22980019,1.227576022,1.461400026,3.068940056,,,,,,3.622768195,0.290563685,0.022719955,1.409014316,2.325305048,0.205041511,0.379394898,1.121332243,,,,,59
USA_state,Alaska,United States,735139,0.735139,0.937,0.497403369,11.6,never,,,,,,,,,3/25/2020,9,6,12.2425827,1,1,0.437235096,0,2.720573932,3,4.080860898,0,0.582980128,1.360286966,,,,,,2.504920259,-0.827284251,,1.000842863,1.406307971,,-0.539602178,0.307695682,,,,,66
USA_state,Arizona,United States,7158024,7.158024,0.908,24.32988191,16.3,never,,,,,,,,,3/21/2020,208,44,29.05829877,1,6,0.934266216,0.977923516,2.65436383,62,8.661608287,1.117626876,1.237372612,2.235253752,190,26.5436383,0.838220157,0.884787943,2.65436383,3.369304114,-0.067993853,-0.022323816,0.976205014,2.15890042,0.111207576,0.212990271,0.804354757,3.278790107,-0.176474496,-0.122407275,0.976205014,89.8
USA_state,Arkansas,United States,3009733,3.009733,0.877,22.33236625,15.3,never,,,,,,,,,3/24/2020,42,16,13.95472622,1,5,0.481197456,0.332255386,1.329021544,13,4.319320019,0.664510772,0.617045717,1.329021544,,,,,,2.635818248,-0.731477582,-1.101851371,0.284442991,1.463097987,-0.40870419,-0.482812162,0.284442991,,,,,56.2
USA_state,California,United States,39461588,39.461588,0.93,97.6936415,12.7,never,,,,,,,,,3/4/2020,1282,12,32.48728865,9,21,0.664040221,0.405457581,2.610133176,38,0.962961754,0.126705494,0.137565965,0.278752087,240,6.08186371,0.076023296,0.20272879,0.988302853,3.480848894,-0.409412557,-0.902739021,0.959401245,-0.037741583,-2.065889831,-1.983651732,-1.27743247,1.80531118,-2.576715454,-1.595886201,-0.011766097,95
USA_state,Colorado,United States,5691287,5.691287,0.942,21.20200871,12.8,never,,,,,,,,,3/13/2020,483,27,84.86656884,1,8,2.18057118,1.405657455,11.06955246,70,12.29950273,1.932779001,1.757071819,3.865558001,290,50.95508274,0.614975137,1.698502758,6.852580093,4.441080245,0.779586852,0.340505133,2.404198318,2.509558833,0.658958864,0.563648684,1.352106045,3.930944514,-0.48617344,0.529747132,1.924625237,86.2
USA_state,Connecticut,United States,3571520,3.57152,0.953,284.7943097,15.4,never,,,,,,,,,3/18/2020,1423,69,398.4298002,1,3,11.38370858,7.559806469,57.11853777,208,58.23850909,6.719827972,8.319787013,19.87949109,971,271.8730401,5.039870979,9.062434668,55.15858794,5.987531323,2.432183261,2.022845591,4.045128718,4.064546804,1.905062555,2.118636655,2.989688602,5.605335193,1.617380482,2.204137811,4.010212453,88
USA_state,Delaware,United States,965479,0.965479,0.93,191.2634957,17.3,never,,,,,,,,,3/26/2020,82,19,84.93193534,1,1,3.145627235,2.071510618,10.35755309,27,27.96539334,3.107265927,3.995056192,9.321797781,,,,,,4.441850175,1.146013309,0.728278108,2.337716021,3.330967794,1.133743216,1.385057645,2.232355505,,,,,83.3
USA_state,District of Columbia,United States,701547,0.701547,0.942,4440.170886,10.6,never,,,,,,,,,3/20/2020,112,15,159.6471797,1,1,5.211696437,4.276263743,21.38131871,27,38.48637369,7.127106238,5.498053384,8.552527486,101,143.967546,3.563553119,4.7989182,21.38131871,5.072966254,1.650905414,1.453079671,3.062517583,3.650304248,1.963905295,1.704394099,2.146226852,4.969587899,1.270758114,1.568390518,3.062517583,100
USA_state,Florida,United States,21244317,21.244317,0.909,152.9599512,18.8,never,,,,,,,,,3/8/2020,867,13,40.81091428,8,18,0.906909206,0.282428473,3.624498731,41,1.929927896,0.23535706,0.275703985,0.89435683,236,11.10885325,0.094142824,0.370295108,3.624498731,3.708949552,-0.097712937,-1.264329955,1.287715998,0.657482642,-1.446651512,-1.288427507,-0.111650445,2.407742381,-2.362942244,-0.993455001,1.287715998,91.2
USA_state,Georgia,United States,10511131,10.511131,0.902,70.56439399,12.3,never,,,,,,,,,3/12/2020,798,3,75.91951808,1,22,3.647717789,1.341741581,26.83483161,2,0.190274481,0,0.076670947,0.268348316,29,2.75897998,0,0.259403372,1.878438213,4.329673807,1.294101709,0.293968457,3.289700731,-1.65928761,,-2.568232424,-1.315469455,1.014861039,,-1.349371007,0.630440694,75.1
USA_state,Hawaii,United States,1420593,1.420593,0.94,85.39526915,16.7,never,,,,,,,,,3/24/2020,10,9,7.039313864,1,4,0.351965693,0,1.407862773,1,0.703931386,0,0.100561627,0.703931386,,,,,,1.951510703,-1.044221571,,0.34207279,-0.35107439,,-2.296984539,-0.35107439,,,,,91.9
USA_state,Idaho,United States,1750536,1.750536,0.907,8.178377944,15,never,,,,,,,,,3/26/2020,48,15,27.42017302,1,1,1.015561964,0.571253605,3.427521628,24,13.71008651,1.713760814,1.958583787,3.427521628,,,,,,3.311278984,0.015442118,-0.559922027,1.231837442,2.618131804,0.538690262,0.672221655,1.231837442,,,,,70.6
USA_state,Illinois,United States,12723071,12.723071,0.929,88.48154472,13.8,never,,,,,,,,,3/17/2020,1468,73,115.3809485,3,8,3.205026348,2.515116044,9.981866799,234,18.39178607,2.59371342,2.62739801,3.69407669,949,74.58891018,1.886337033,2.486297006,6.444984863,4.74823925,1.164720311,0.922318943,2.300770127,2.911904156,0.953090602,0.965994007,1.306730642,4.311991839,0.634636871,0.910794457,1.863302288,88.5
USA_state,Indiana,United States,6695497,6.695497,0.906,72.15838317,14,never,,,,,,,,,3/16/2020,635,32,94.83986028,1,8,2.563239467,1.941603439,8.662538419,95,14.18864051,2.09095755,2.026948645,3.584498656,387,57.80004083,1.12015583,1.926668028,8.214476087,4.552189788,0.941271875,0.663514147,2.1590078,2.652441681,0.737622119,0.706531532,1.276618619,4.056989482,0.11346781,0.6557921,2.105897974,72.4
USA_state,Iowa,United States,3148618,3.148618,0.928,21.76428952,15.2,never,,,,,,,,,3/25/2020,83,25,26.36077161,1,5,0.941456129,0.635199316,3.17599658,24,7.622391792,0.635199316,1.088913113,2.540797264,,,,,,3.271876981,-0.060327529,-0.453816446,1.155621467,2.031090204,-0.453816446,0.085180055,0.932477915,,,,,64
USA_state,Kansas,United States,2911359,2.911359,0.922,13.7487273,14.2,never,,,,,,,,,3/13/2020,109,3,37.43956001,1,13,0.935989,0.343482202,4.465268625,9,3.091339818,0.343482202,0.441619974,1.030446606,55,18.89152111,0.343482202,0.62971737,4.465268625,3.6227279,-0.066151554,-1.068619982,1.496329375,1.128604595,-1.068619982,-0.817305554,0.029992306,2.938713203,-1.068619982,-0.462484179,1.496329375,74.2
USA_state,Kentucky,United States,4461153,4.461153,0.881,43.62205102,14.7,never,,,,,,,,,3/16/2020,171,9,38.33089786,1,10,1.120786487,0.448314595,4.483145949,36,8.069662708,1.120786487,1.152808958,2.914044867,120,26.89887569,0.224157297,0.89662919,4.483145949,3.646256304,0.11403066,-0.802260072,1.500325021,2.088111686,0.11403066,0.142201537,1.069542105,3.29208449,-1.495407253,-0.109112892,1.500325021,58.4
USA_state,Louisiana,United States,4659690,4.65969,0.885,41.64237367,13.8,never,,,,,,,,,3/14/2020,1405,119,301.5222043,1,5,7.731338571,7.296622737,27.68424509,251,53.86624432,7.296622737,7.69517776,12.87639306,840,180.2695029,5.687073604,6.00898343,15.02245858,5.708843659,2.045282013,1.987411602,3.320863482,3.986504017,1.987411602,2.040593868,2.55539564,5.19445297,1.738195811,1.793255588,2.70954632,73.2
USA_state,Maine,United States,1339057,1.339057,0.914,16.76272799,19,never,,,,,,,,,3/27/2020,36,16,26.88459117,1,3,1.034022737,1.120191299,2.987176797,11,8.214736191,0.746794199,1.173533742,2.987176797,,,,,,3.291553304,0.033456766,0.113499473,1.094328726,2.105929638,-0.291965635,0.160019489,1.094328726,,,,,38.7
USA_state,Maryland,United States,6035802,6.035802,0.935,240.0780399,13.7,never,,,,,,,,,3/19/2020,652,31,108.0220988,1,11,3.177120553,1.656780656,20.04704594,93,15.40806011,1.988136788,2.201151444,3.976273576,334,55.33647393,1.242585492,1.844549131,6.627122626,4.682335825,1.1559753,0.504876356,2.998081808,2.734890756,0.687197913,0.788980607,1.380345093,4.013432256,0.217194283,0.612234874,1.891170717,87.2
USA_state,Massachusetts,United States,6882635,6.882635,0.956,340.6924596,14.7,never,,,,,,,,,3/20/2020,1961,154,284.9199471,1,4,8.63393779,4.213502532,43.87854361,349,50.70732358,5.521141249,7.243903368,13.94814631,1404,203.9916398,3.850269555,6.799721328,38.35740236,5.652208253,2.155700692,1.438294257,3.781425445,3.926070349,1.708584587,1.9801602,2.635346619,5.318079012,1.34814316,1.91688163,3.64694753,92
USA_state,Michigan,United States,9984072,9.984072,0.912,68.18077335,15.5,never,,,,,,,,,3/18/2020,2575,259,257.9108003,1,6,7.368880009,7.612124592,23.13685238,586,58.69348699,7.712284126,8.384783855,11.81882502,1996,199.9184301,6.860928086,6.663947669,20.03190682,5.55261379,1.997265728,2.029742317,3.141426687,4.072328766,2.042814399,2.126418617,2.469693601,5.297909434,1.925842722,1.896712052,2.997326343,74.6
USA_state,Minnesota,United States,5606249,5.606249,0.947,27.18405396,14.5,never,,,,,,,,,3/21/2020,160,22,28.53958146,1,9,0.891861921,0.713489536,4.280937218,35,6.243033444,0.891861921,0.891861921,1.962096225,134,23.90189947,0.535117152,0.796729982,4.280937218,3.351291947,-0.114443956,-0.337587507,1.454171962,1.831466193,-0.114443956,-0.114443956,0.674013404,3.173957931,-0.62526958,-0.22723945,1.454171962,73.3
USA_state,Mississippi,United States,2981020,2.98102,0.863,24.52908747,14.2,never,,,,,,,,,3/19/2020,183,22,61.38838384,1,7,1.805540701,1.509550422,4.696379092,45,15.09550422,2.348189546,2.156500603,3.019100845,140,46.96379092,1.174094773,1.565459697,4.360923442,4.117220629,0.590860104,0.411811873,1.546791806,2.714396966,0.853644625,0.768486817,1.104959054,3.849376899,0.160497445,0.448179517,1.472683834,49.3
USA_state,Missouri,United States,6121623,6.121623,0.905,34.38322072,15.2,never,,,,,,,,,3/18/2020,224,15,36.59160324,1,7,1.045474378,0.490066115,4.247239662,50,8.16776858,0.653421486,1.166824083,2.940396689,169,27.6070578,0.490066115,0.92023526,4.247239662,3.599818794,0.044470733,-0.713214969,1.446269281,2.100195748,-0.425532896,0.154285599,1.0785445,3.318071457,-0.713214969,-0.083125924,1.446269281,70.4
USA_state,Montana,United States,1060665,1.060665,0.917,2.813715638,18,never,,,,,,,,,3/27/2020,12,6,11.313657,1,4,0.507664096,0,3.771218999,1,0.94280475,0,0.134686393,0.94280475,,,,,,2.42601058,-0.677935278,,1.327398291,-0.05889607,,-2.004806219,-0.05889607,,,,,55.9
USA_state,Nebraska,United States,1925614,1.925614,0.934,9.677755597,14.3,never,,,,,,,,,3/28/2020,33,15,17.13739098,1,1,0.685495639,0.519314878,2.596574391,9,4.673833904,0.519314878,0.667690558,1.557944635,,,,,,2.841262684,-0.377613141,-0.655244878,0.954193035,1.541979699,-0.655244878,-0.40393045,0.443367411,,,,,73.1
USA_state,Nevada,United States,3027341,3.027341,0.902,10.6472234,14.7,never,,,,,,,,,3/16/2020,163,15,53.84262956,1,8,1.455206204,0.990968642,8.588394898,31,10.2400093,1.651614404,1.462858472,3.633551688,126,41.62068297,0.660645761,1.387356099,8.588394898,3.986065524,0.375147612,-0.009072388,2.150411862,2.326302528,0.501753236,0.380392379,1.290210596,3.72859723,-0.414537496,0.327399849,2.150411862,94.2
USA_state,New Hampshire,United States,1353465,1.353465,0.943,58.36869615,16.8,never,,,,,,,,,3/23/2020,42,9,31.03146369,1,6,1.034382123,0.369422187,5.910754988,14,10.34382123,0.738844374,1.477688747,5.910754988,42,31.03146369,0.369422187,1.034382123,5.910754988,3.435001647,0.033804266,-0.995815151,1.776773571,2.336389359,-0.302667971,0.39047921,1.776773571,3.435001647,-0.995815151,0.033804266,1.776773571,60.3
USA_state,New Jersey,United States,8886025,8.886025,0.943,466.5363736,14.2,never,,,,,,,,,3/10/2020,4753,27,534.8848332,1,10,12.43918217,7.765001787,40.73812531,171,19.24370008,2.363261413,2.749100011,4.163841538,1504,169.2545317,1.969384511,5.641817723,30.60986211,6.282051459,2.520851343,2.049626687,3.707164394,2.957183739,0.86004262,1.01127359,1.426438095,5.131403687,0.677721063,1.730206305,3.421322248,94.7
USA_state,New Mexico,United States,2092741,2.092741,0.9,6.661377436,16.2,never,,,,,,,,,3/25/2020,58,13,27.71484861,1,7,0.989816022,0.477842217,4.300579957,18,8.601159914,0.955684435,1.228737131,3.344895522,,,,,,3.321968321,-0.01023619,-0.73847469,1.458749887,2.151897068,-0.045327509,0.205986919,1.207435459,,,,,77.4
USA_state,New York,United States,19530351,19.530351,0.942,160.0116586,14.6,never,,,,,,,,,3/14/2020,19104,527,978.169824,1,6,25.08127754,19.04727672,164.6155771,2735,140.0384458,19.04727672,20.00549226,28.77572451,9385,480.5341184,11.75094088,16.01780395,40.96188543,6.885683299,3.222121653,2.946924137,5.10361292,4.941916998,2.946924137,2.996006849,3.359532133,6.174898232,2.463933312,2.77370085,3.712642011,87.9
USA_state,North Carolina,United States,10381615,10.381615,0.905,82.44611658,14.6,never,,,,,,,,,3/25/2020,245,53,23.59941107,1,7,0.84283611,0.674268888,2.600751425,59,5.683123483,0.674268888,0.811874783,1.733834283,,,,,,3.161221757,-0.170982753,-0.394126304,0.955800413,1.737500991,-0.394126304,-0.208409158,0.550335305,,,,,66.1
USA_state,North Dakota,United States,758080,0.75808,0.942,4.241913517,13.7,never,,,,,,,,,3/27/2020,13,5,17.1485859,1,1,0.659560996,0,5.27648797,4,5.27648797,1.319121992,0.753783996,1.319121992,,,,,,2.841915715,-0.416180823,,1.663260719,1.663260719,0.276966358,-0.28264943,0.276966358,,,,,59.9
USA_state,Ohio,United States,11676341,11.676341,0.913,110.3316278,15.2,never,,,,,,,,,3/20/2020,557,81,47.7033002,1,7,1.445554552,1.284649018,4.282163393,132,11.30491136,1.712865357,1.614987337,2.226724965,451,38.62511381,0.942075947,1.287503794,4.282163393,3.865000582,0.368493021,0.250485543,1.454458348,2.425237265,0.538167616,0.479327116,0.80053188,3.653902682,-0.059669385,0.2527053,1.454458348,77.9
USA_state,Oklahoma,United States,3940235,3.940235,0.894,22.17849017,14,never,,,,,,,,,3/19/2020,164,30,41.62188296,1,7,1.224173028,1.015167877,5.329631354,49,12.43580649,1.015167877,1.776543785,4.060671508,136,34.51570782,1.015167877,1.150523594,4.060671508,3.728626062,0.202265537,0.015053995,1.673282072,2.520579932,0.015053995,0.574669783,1.401348356,3.54141452,0.015053995,0.140217138,1.401348356,66.2
USA_state,Oregon,United States,4181886,4.181886,0.929,16.821218,16.4,never,,,,,,,,,3/15/2020,78,13,18.65187143,1,8,0.490838722,0.358689835,2.630392125,9,2.152139011,0.239126557,0.30744843,0.71737967,53,12.67370751,0.239126557,0.422456917,2.630392125,2.925946486,-0.711639674,-1.025297233,0.967132932,0.766462236,-1.430762341,-1.179447913,-0.332150052,2.539529573,-1.430762341,-0.861667809,0.967132932,81
USA_state,Pennsylvania,United States,12800922,12.800922,0.922,110.4634297,16.3,never,,,,,,,,,3/18/2020,1614,63,126.084668,4,8,3.602419085,1.249909967,20.77975321,184,14.37396463,1.249909967,2.053423518,5.312117362,841,65.69839266,0.976492162,2.189946422,7.968176042,4.836953649,1.281605588,0.223071523,3.033979109,2.665418558,0.223071523,0.719508409,1.669990506,4.18507446,-0.023788555,0.783877079,2.075455614,78.7
USA_state,Rhode Island,United States,1058287,1.058287,0.92,395.178118,15.5,never,,,,,,,,,3/28/2020,171,43,161.5818771,1,1,6.463275085,3.779693032,29.292621,75,70.86924435,6.614462806,10.12417776,29.292621,,,,,,5.085011993,1.866136168,1.329642798,3.377335641,4.26083655,1.889258586,2.314926401,3.377335641,,,,,90.7
USA_state,South Carolina,United States,5084156,5.084156,0.89,65.30070282,16.2,never,,,,,,,,,3/16/2020,124,16,24.38949552,1,10,0.659175555,0.39337896,3.14703168,28,5.507305441,0.78675792,0.78675792,1.18013688,97,19.07887956,0.39337896,0.635962652,3.14703168,3.194152528,-0.416765384,-0.932981857,1.146459685,1.706075473,-0.239834676,-0.239834676,0.165630432,2.948581941,-0.932981857,-0.452615441,1.146459685,66.3
USA_state,South Dakota,United States,878698,0.878698,0.929,4.475170818,15.3,never,,,,,,,,,3/11/2020,8,1,9.104379434,1,1,0.216770939,0,2.276094859,0,0,0,0,0,6,6.828284576,0,0.227609486,2.276094859,2.208755554,-1.528914064,,0.822461193,,,,,1.921073482,,-1.4801239,0.822461193,56.7
USA_state,Tennessee,United States,6771631,6.771631,0.892,63.40585328,14.8,never,,,,,,,,,3/20/2020,157,36,23.18496091,1,9,0.702574573,0.590699641,2.215123653,58,8.565144793,1.181399282,1.223592113,2.067448743,142,20.96983725,0.443024731,0.698994575,2.215123653,3.143503832,-0.35300373,-0.526447613,0.795308227,2.147701037,0.166699568,0.201790888,0.726315356,3.043085084,-0.814129685,-0.358112298,0.795308227,66.4
USA_state,Texas,United States,28628666,28.628666,0.909,42.31330509,11.2,never,,,,,,,,,3/17/2020,533,45,18.61770297,2,12,0.519098973,0.454090316,1.362270949,105,3.667652555,0.489020341,0.523950365,0.80339056,377,13.16861917,0.331835231,0.438953972,1.2924109,2.924112901,-0.655660715,-0.789459166,0.309153123,1.299551827,-0.715351194,-0.646358322,-0.218914308,2.577836664,-1.103116725,-0.823360718,0.256509389,84.7
USA_state,Utah,United States,3153550,3.15355,0.93,14.81796999,10.4,never,,,,,,,,,3/22/2020,32,8,10.14729432,1,9,0.429623348,0.317102947,1.585514737,10,3.171029475,0,0.453004211,1.585514737,38,12.049912,0.317102947,0.401663733,1.585514737,2.3172071,-0.844846389,-1.148528802,0.46090911,1.154056291,,-0.791853858,0.46090911,2.489057357,-1.148528802,-0.912140024,0.46090911,90.6
USA_state,Vermont,United States,624358,0.624358,0.936,26.1545164,18.5,never,,,,,,,,,3/19/2020,40,16,64.0658084,1,1,1.884288482,1.60164521,6.40658084,7,11.21151647,1.60164521,1.60164521,4.80493563,35,56.05758235,1.60164521,1.868586078,6.40658084,4.159910811,0.633550287,0.471031357,1.857325718,2.416941506,0.471031357,0.471031357,1.569643646,4.026379419,0.471031357,0.625182037,1.857325718,38.9
USA_state,Virginia,United States,8501286,8.501286,0.929,83.11891246,14,never,,,,,,,,,3/14/2020,324,10,38.11188096,1,11,1.007389066,0.588146311,5.058058275,46,5.410946062,0.823404835,0.772992295,1.411551146,151,17.76201859,0.235258524,0.592067286,5.058058275,3.64052607,0.007361901,-0.530779534,1.62098267,1.68842395,-0.194307297,-0.257486199,0.344689204,2.877062391,-1.447070266,-0.524134991,1.62098267,75.5
USA_state,Washington,United States,7523869,7.523869,0.94,43.71287623,14,never,,,,,,,,,2/29/2020,664,37,88.25246692,1,5,1.665140885,1.329103417,5.980965378,46,6.11387572,0.930372392,0.873410817,1.594924101,198,26.31624766,0.73100688,0.877208255,4.120220594,4.480201649,0.509909736,0.284504593,1.788581989,1.810560896,-0.072170351,-0.135349253,0.466826149,3.27018653,-0.313332408,-0.131010851,1.415906704,84
USA_state,West Virginia,United States,1804291,1.804291,0.872,28.98082338,18.4,never,,,,,,,,,3/30/2020,26,6,14.41009239,1,4,0.626525756,0.554234323,3.325405935,12,6.65081187,1.108468645,0.950115981,2.21693729,,,,,,2.667928821,-0.467565395,-0.590167717,1.201591752,1.894738933,0.102979464,-0.051171216,0.796126644,,,,,48.7
USA_state,Wisconsin,United States,5807406,5.807406,0.928,41.40203866,15.6,never,,,,,,,,,3/19/2020,244,27,42.0153163,1,7,1.245873651,1.119260475,3.443878386,73,12.57015611,1.894133112,1.795736587,3.443878386,208,35.81633521,0.774872637,1.19387784,3.443878386,3.738034226,0.219837012,0.112668177,1.236598274,2.531325442,0.638761273,0.585415293,1.236598274,3.57840408,-0.255056603,0.177206698,1.236598274,70.2
USA_state,Wyoming,United States,577601,0.577601,0.932,2.296900979,15.7,never,,,,,,,,,4/13/2020,2,,3.462597883,1,1,0.384733098,0,1.731298942,,,,,,,,,,,1.242019141,-0.955205437,,0.54887196,,,,,,,,,64.8
USA_state,Puerto Rico,United States,3193354,3.193354,0.845,350.7715459,18.9,never,,,,,,,,,3/21/2020,64,15,20.04162395,1,10,0.626300748,0.469725561,2.818353368,24,7.51560898,0.626300748,1.073658426,2.818353368,62,19.4153232,0.626300748,0.64717744,2.818353368,2.997811308,-0.467924595,-0.755606667,1.036152802,2.016982055,-0.467924595,0.071071906,1.036152802,2.96606261,-0.467924595,-0.435134772,1.036152802,93.8
USA_state,American Samoa,United States,55641,0.055641,0.827,279.0421264,,never,,,,,,,,,,0,,0,,,,,,,,,,,,,,,,,,,,,,,,,,,,
USA_state,Guam,United States,165718,0.165718,0.901,304.6846847,,never,,,,,,,,,3/22/2020,5,4,30.17173753,1,1,0.973281856,0,6.034347506,1,6.034347506,0,0.862049644,6.034347506,5,30.17173753,0,1.005724584,6.034347506,3.406905643,-0.027081562,,1.79746773,1.79746773,,-0.148442419,1.79746773,3.406905643,,0.005708261,1.79746773,
USA_state,Northern Mariana Islands,United States,55194,0.055194,0.875,119.05522,,never,,,,,,,,,4/1/2020,2,2,36.23582273,1,1,1.725515368,0,18.11791137,0,0,0,0,0,,,,,,3.590048208,0.54552577,,2.896901027,,,,,,,,,
USA_state,Virgin Islands (U.S.),United States,106405,0.106405,0.894,306.5543071,,never,,,,,,,,,4/5/2020,3,3,28.19416381,1,1,1.658480224,0,9.398054603,,,,,,,,,,,3.339114999,0.505901655,,2.240502711,,,,,,,,,
"Data by April 22, 2020.",,,,,,,,,,,,,,,,,,,,,,,,,,,,,,,,,,,,,,,,,,,,,,,,
